Date,pm10,no2,so2,soot
1/1/2009,98.67,14.1,44.38,34.81
1/2/2009,52.33,14.1,29.75,33.06
1/3/2009,74.67,20.5,36.25,39.25
1/4/2009,72,17.3,46.44,34.38
1/5/2009,81,25.64,56.56,45.59
1/6/2009,147,25.2,42.38,69.33
1/7/2009,185,21.91,71.69,84.06
1/8/2009,148.67,25.09,51.75,74.41
1/9/2009,216,37.27,63.47,64.06
1/10/2009,135.67,23.18,63.13,58.94
1/11/2009,138.67,21.64,67.56,49.65
1/12/2009,96.67,21,84.24,49.83
1/13/2009,101,22.64,83.06,46.44
1/14/2009,129.33,25.42,78.11,55.53
1/15/2009,101,21.42,52.44,42.42
1/16/2009,83.67,47.08,44.94,39.84
1/17/2009,88.67,24.75,41.67,47.79
1/18/2009,149.33,34.75,87.22,83.79
1/19/2009,41,32.08,52.89,46.42
1/20/2009,46.33,26.5,36.5,27.76
1/21/2009,26.67,19.67,28.59,16.28
1/22/2009,28.33,23.42,19.82,18.17
1/23/2009,40.67,25.58,17.94,28.56
1/24/2009,38,30.33,19.88,27.39
1/25/2009,25,25.33,16.88,16.17
1/26/2009,48.67,32.5,20.35,29.11
1/27/2009,35.67,27.42,25.47,22.28
1/28/2009,21.33,18.83,15.83,19.88
1/29/2009,16.67,17.5,14.44,23.71
1/30/2009,29.33,15.42,15.28,27.61
1/31/2009,31.33,17,17.39,24.33
2/1/2009,25.67,14.58,20.39,23
2/2/2009,21.33,14.92,25.11,19.78
2/3/2009,19.67,10.42,20.88,19.79
2/4/2009,49.67,14.58,19.22,29.84
2/5/2009,62,30.08,27.06,48
2/6/2009,30.67,27.67,21.61,35.68
2/7/2009,29.33,19.58,16.39,23.11
2/8/2009,27,16.17,15.11,23.79
2/9/2009,12.67,14.5,11.5,15.94
2/10/2009,30.33,25,17.67,30.05
2/11/2009,22,21,15.56,24.05
2/12/2009,18.33,17.82,14.33,17.21
2/13/2009,21.33,17.55,17.35,17.83
2/14/2009,24,15.91,13.76,16.94
2/15/2009,18.67,12.91,13.35,14.89
2/16/2009,35.33,23.18,16.35,22.06
2/17/2009,37,32.27,21.65,33.83
2/18/2009,33.33,19.33,16.28,25.68
2/19/2009,20,13.67,18.56,19.53
2/20/2009,34.33,19.92,15.33,21.89
2/21/2009,52.67,23,17.33,29.32
2/22/2009,75.33,23.17,13.78,35.26
2/23/2009,114.33,39.58,31.72,53.37
2/24/2009,123,39.08,35.06,52.26
2/25/2009,89,29.92,23.06,39.63
2/26/2009,72.33,31,23.72,37.89
2/27/2009,44.33,29.58,23.94,35.47
2/28/2009,36.67,31.5,20.72,35.47
3/1/2009,75.5,35.13,28.65,48.47
3/2/2009,56.75,30.25,26.5,41.53
3/3/2009,56.5,27.94,27.9,43.32
3/4/2009,38.5,16.75,19,26.11
3/5/2009,22.75,10.56,15.75,21.11
3/6/2009,33,17.81,15.8,23.79
3/7/2009,29.83,15.81,11.35,18.21
3/8/2009,31.17,17.44,11.9,22.32
3/9/2009,33.17,22.81,17.1,26.16
3/10/2009,42,20.75,14.5,25.11
3/11/2009,32.67,22.13,17.85,24.83
3/12/2009,25.2,17.44,14.25,22
3/13/2009,25.67,18.13,16.2,20.22
3/14/2009,42,18.06,14,21.83
3/15/2009,72,25.44,25.25,35.72
3/16/2009,38.83,18.69,16.55,20.33
3/17/2009,41.33,17.19,13.65,18.78
3/18/2009,23.17,12.38,11.7,16.06
3/19/2009,27,16.63,12.3,18.28
3/20/2009,38.33,18.75,15,19.05
3/21/2009,26.6,15.75,13.55,15.74
3/22/2009,31,14.94,12.4,16.42
3/23/2009,28,20,14.15,17.79
3/24/2009,21.83,21.27,13.5,14.59
3/25/2009,28.83,18.57,12.6,17
3/26/2009,34.67,26.33,17.4,21.24
3/27/2009,34.17,28,17.95,20.88
3/28/2009,27.33,22.6,14.85,16.71
3/29/2009,47.83,13.29,10.95,15.88
3/30/2009,29.83,19.57,12.05,16.82
3/31/2009,34.2,19.21,9.9,19.44
4/1/2009,60.83,19.47,12.55,24.65
4/2/2009,39.17,17.46,10.95,20.5
4/3/2009,27.5,16.07,10.3,16.27
4/4/2009,35.33,20.93,11.7,21.27
4/5/2009,51.83,31.07,12.45,29.2
4/6/2009,53.6,29,14.1,27.6
4/7/2009,48,30.36,12.9,27.63
4/8/2009,39,30.8,11.25,32.88
4/9/2009,65.8,34.33,14.15,42.71
4/10/2009,61.4,38.6,19.2,42.67
4/11/2009,39.17,18,10.3,18.61
4/12/2009,35.33,15.27,9.8,12.89
4/13/2009,44,15.36,8.8,13.94
4/14/2009,32.83,22.57,11.6,24.76
4/15/2009,40.83,25.5,12.3,29.24
4/16/2009,45.67,39.69,14.7,42.74
4/17/2009,27.67,24.13,10.5,17.84
4/18/2009,24.67,22.94,9.45,17.11
4/19/2009,34,23.31,9.55,23.05
4/20/2009,28.17,23.75,9.2,19.68
4/21/2009,34.33,22.94,9.1,19.05
4/22/2009,29.67,20.5,8.75,18.89
4/23/2009,19.75,20.5,8.45,17.05
4/24/2009,28.83,28.81,9.5,28.32
4/25/2009,39,28.13,11.3,27.16
4/26/2009,24.5,18.38,8.85,13.47
4/27/2009,23.33,17.75,7.55,14.42
4/28/2009,24.2,19.38,9.55,16.95
4/29/2009,24.2,23.93,9.05,22.95
4/30/2009,17.6,21.2,8.85,19.26
5/1/2009,28,15.5,7.9,18.63
5/2/2009,25.67,11.69,7.85,16.68
5/3/2009,37,19.94,9.3,21.74
5/4/2009,33.67,22.75,10.1,24.89
5/5/2009,25.17,18.44,8.6,20.05
5/6/2009,22,21,8.8,21.05
5/7/2009,23,21.75,8.5,21.74
5/8/2009,26.67,29.63,10.85,30.63
5/9/2009,35.75,33.25,13.4,37
5/10/2009,31,30.13,11.55,30.42
5/11/2009,36.5,30.31,17.4,27.63
5/12/2009,31.5,26.13,10.65,22.37
5/13/2009,20.17,17.25,9.1,18.21
5/14/2009,32.5,22.44,9.35,22.95
5/15/2009,47.67,29.81,12.95,28.84
5/16/2009,40.17,28.81,13.3,25.42
5/17/2009,44.17,27.06,11.9,25.37
5/18/2009,38.17,25.19,11.8,23.32
5/19/2009,34.17,19.07,10.25,21.11
5/20/2009,31.17,16.4,9.45,16.94
5/21/2009,35.67,25.67,10,20.78
5/22/2009,43.17,34.6,13.5,27.78
5/23/2009,23.67,23.27,9.75,16.89
5/24/2009,29.5,25,10.45,23.72
5/25/2009,39.17,30.6,10.4,25.89
5/26/2009,35,29.07,11.55,22.16
5/27/2009,28,20.33,9.55,17.42
5/28/2009,20.5,18,8.9,16.33
5/29/2009,21.17,19.47,9.45,17.11
5/30/2009,23.33,17.67,9.7,17.61
5/31/2009,28.33,19.73,10.5,17.67
6/1/2009,28.5,22.33,9.1,16.42
6/2/2009,21.67,23.25,9.15,15.79
6/3/2009,26.17,23.87,9.7,17.21
6/4/2009,25.67,24.56,10,20.21
6/5/2009,23.67,26.5,9.35,17.26
6/6/2009,24.17,25,9.3,20.42
6/7/2009,27.5,24.5,9.75,14.89
6/8/2009,25.83,25.27,9.85,23.95
6/9/2009,38.5,29.94,11.9,25.16
6/10/2009,31.83,26.38,10.85,20.79
6/11/2009,30.8,20.69,9.6,16.11
6/12/2009,18.5,21.69,9.95,17.79
6/13/2009,24.5,24.75,10.45,20.32
6/14/2009,23.67,27.88,11.75,22.53
6/15/2009,25.67,29,12.4,20.89
6/16/2009,25.5,26.94,12.65,21.11
6/17/2009,16.67,23.5,10.75,19.11
6/18/2009,31.5,28.31,12.7,19.44
6/19/2009,31.67,25.73,10.85,19.65
6/20/2009,26.67,20.07,9.2,18
6/21/2009,10,19.87,9.65,16.41
6/22/2009,11.83,20.73,9.8,18.56
6/23/2009,23.67,25,11.9,17.67
6/24/2009,20.33,24.33,10.85,16.72
6/25/2009,18.67,21.73,11,13.61
6/26/2009,20.33,22.87,11.5,18.78
6/27/2009,32.5,22,10.45,20
6/28/2009,33.25,24.93,10.8,22.56
6/29/2009,26.5,22.6,10.5,19.11
6/30/2009,29.25,26.6,10.3,23.28
7/1/2009,33.9,25.69,10.28,26.33
7/2/2009,40.03,28.76,10.28,29.17
7/3/2009,38.77,28.01,10.72,23.17
7/4/2009,33.68,21.45,9.28,19.89
7/5/2009,26.18,18.79,9.35,16.83
7/6/2009,31.15,28.15,9.67,25.11
7/7/2009,32.42,26.43,11.57,23.28
7/8/2009,24.1,23.91,9.83,17.06
7/9/2009,21.87,24.86,9.44,25.06
7/10/2009,25.8,24.5,10.49,19.95
7/11/2009,15.02,18.2,9.03,13.16
7/12/2009,16.43,17.79,9.07,16.21
7/13/2009,23.88,25.64,10.05,21.84
7/14/2009,32.32,28.14,10.79,23.05
7/15/2009,43.03,27.55,12.89,28.28
7/16/2009,45.87,31.64,12.04,23.56
7/17/2009,40.35,27.91,11.48,19.67
7/18/2009,43.2,21.54,10.99,12.17
7/19/2009,30.17,19.47,9.78,12.44
7/20/2009,24,24.83,10.55,22.67
7/21/2009,28.35,27.93,8.18,22.72
7/22/2009,25.25,29.63,7.72,22.33
7/23/2009,33.55,36.37,8.21,29.5
7/24/2009,33.93,30.72,6.63,24.5
7/25/2009,23.38,25.5,7.87,18.72
7/26/2009,15.58,18.33,7.1,16.28
7/27/2009,27.6,28.78,7.62,20.94
7/28/2009,32.57,31.81,7.66,25.11
7/29/2009,29.1,32.51,8.18,26.72
7/30/2009,31.2,39.67,7.92,28.94
7/31/2009,29.78,41.39,9.16,27.59
8/1/2009,36.02,33.29,6.11,27.28
8/2/2009,40.15,24.14,6.5,19.61
8/3/2009,33.95,32.85,7.11,23.53
8/4/2009,33.63,35.14,6.49,26.44
8/5/2009,18.25,29.13,5.71,21
8/6/2009,20.12,26.85,5.39,19.32
8/7/2009,22.6,27.75,5.95,16.84
8/8/2009,43.65,28.93,6.85,20.84
8/9/2009,37.55,29.46,5.92,23.74
8/10/2009,32.33,25.63,7.3,21.05
8/11/2009,30.88,26.13,7.29,20.89
8/12/2009,29.8,28.1,5.51,21.11
8/13/2009,24.65,32.67,7.27,26.33
8/14/2009,29.55,29.96,7.25,30.67
8/15/2009,29.72,26.69,5.99,24.72
8/16/2009,30.88,31.33,6.13,27.72
8/17/2009,39.03,38.27,6.83,39.94
8/18/2009,39.1,34.01,6.35,30.44
8/19/2009,35.33,28.55,5.99,19.72
8/20/2009,30.78,36.65,6.29,27.44
8/21/2009,43.18,38.34,8.73,32.05
8/22/2009,49.65,38.41,7.46,31.63
8/23/2009,29.47,23.64,5.69,20.58
8/24/2009,29.02,23.46,6.37,15.63
8/25/2009,32.68,28.01,7.14,20.28
8/26/2009,29.15,27.35,6.55,16.61
8/27/2009,44.52,41.29,9.12,33.78
8/28/2009,41.08,37.14,8.82,26.28
8/29/2009,34.68,33.48,7.44,18.61
8/30/2009,23.5,27.46,5.82,13.56
8/31/2009,16.6,34.98,6.45,18.44
9/1/2009,37.23,26.58,9.04,22.71
9/2/2009,35.1,32.8,10.45,27.29
9/3/2009,45.34,35.99,10.46,36.89
9/4/2009,38.91,31.69,8.58,31.79
9/5/2009,31.07,23.5,9.45,16.05
9/6/2009,21.63,23.52,9.79,16.26
9/7/2009,25.56,24.69,9.5,15.79
9/8/2009,26.8,28.13,9.64,17.79
9/9/2009,36.16,35.44,10.63,22.11
9/10/2009,44.6,38.62,10.66,28.11
9/11/2009,41.44,39.32,12.22,21
9/12/2009,36.16,33.64,9.88,16.74
9/13/2009,35.67,35.21,10.07,16.95
9/14/2009,33.06,31.85,8.76,15.47
9/15/2009,27.33,32.64,8.38,15.53
9/16/2009,27.23,29.51,8.26,13.95
9/17/2009,27.59,23.78,10.87,12.95
9/18/2009,35.89,26.81,8.38,16.56
9/19/2009,44.86,25.72,8.4,15.44
9/20/2009,29.77,21.58,8.75,13.28
9/21/2009,30.96,28.73,15.06,17.83
9/22/2009,57.3,36.37,12.94,44.11
9/23/2009,58.61,40.18,13.67,46.53
9/24/2009,72.41,41.48,16.95,49.74
9/25/2009,56.54,31.14,11.12,27.68
9/26/2009,46.89,30.41,11.38,23
9/27/2009,51.53,27.79,7.96,22.84
9/28/2009,45.69,28.56,8.81,26.05
9/29/2009,65.01,32.13,12.03,29.58
9/30/2009,67.43,33.04,12.4,22.16
10/1/2009,62.53,32.34,13.1,25.41
10/2/2009,46.23,29.15,8.77,18.01
10/3/2009,41.7,26.28,8.47,15.48
10/4/2009,47.73,31.35,8.11,19.16
10/5/2009,55.2,31.54,11.81,32.88
10/6/2009,58.04,35.99,13.56,46.51
10/7/2009,59.5,37.69,14.54,45.46
10/8/2009,58.47,39.41,13.25,35.6
10/9/2009,68.49,36.33,12.65,38.73
10/10/2009,67.77,27.29,10.57,24.49
10/11/2009,51.94,20.87,7.33,16.07
10/12/2009,24.83,23.61,7.41,17.44
10/13/2009,43.67,20.29,6.35,15.37
10/14/2009,35.4,19.31,8.12,17.98
10/15/2009,45.07,21.77,11.14,22.47
10/16/2009,40.04,24.65,10.74,20.88
10/17/2009,59.6,23.75,14.85,23.85
10/18/2009,30.63,20.7,7.92,15.94
10/19/2009,34.59,22.57,8.2,19.57
10/20/2009,56.49,27.55,16.01,22.97
10/21/2009,62.83,35.17,16.8,38.48
10/22/2009,33.43,25.69,11.46,17.85
10/23/2009,33.87,22.43,9.38,19.12
10/24/2009,37.84,19.87,9.04,18.92
10/25/2009,39.01,22.68,8.4,20.68
10/26/2009,47.46,22.98,9.35,20.2
10/27/2009,53.29,18.48,8.85,20.99
10/28/2009,40.2,18.45,10.05,20.79
10/29/2009,46.99,20.68,9.38,19.44
10/30/2009,42.69,20.21,7.47,19.79
10/31/2009,34.79,20.26,7.42,22.27
11/1/2009,84.77,25.26,17.41,22.72
11/2/2009,46.31,22.39,12.91,15.59
11/3/2009,37.93,21.1,9.2,16.06
11/4/2009,42.17,21.92,12.92,15.44
11/5/2009,37.96,22.86,14.88,17.44
11/6/2009,36.4,25.35,12.02,14.65
11/7/2009,42.59,26.24,11.51,24.18
11/8/2009,43.39,25.06,10.21,19.94
11/9/2009,35.03,27.33,12.52,27.35
11/10/2009,29.26,20.64,10.11,15.13
11/11/2009,22.59,19.9,9.03,15.76
11/12/2009,46.01,25.07,12.18,32.82
11/13/2009,80.77,33.71,21.26,67
11/14/2009,103.1,36.28,22.09,78.69
11/15/2009,41.54,29.37,15.23,31.12
11/16/2009,83.74,35.91,20.84,77
11/17/2009,75.59,34.85,17.12,51.31
11/18/2009,91.5,41.48,18.14,65.31
11/19/2009,93.13,39.99,17.11,54.94
11/20/2009,125.61,47.05,19.54,70.6
11/21/2009,119.37,46.87,20.23,54.67
11/22/2009,78.31,35.85,14.13,23.2
11/23/2009,100,37.37,19.76,36.07
11/24/2009,127.2,40.72,24.14,69.87
11/25/2009,103.84,40.82,23.23,54.27
11/26/2009,110.46,43.69,23.03,64.33
11/27/2009,101.63,39.73,26.96,63.82
11/28/2009,51.34,38.4,17.15,26.35
11/29/2009,42.81,41.32,15.24,19.82
11/30/2009,43.37,38.79,15.24,15.5
12/1/2009,19.93,18.78,9.43,12.69
12/2/2009,25.21,19.95,8.72,15.38
12/3/2009,42.41,17.94,10.58,18.13
12/4/2009,51.86,19.47,14.17,17.32
12/5/2009,38.05,16.15,9.63,16.53
12/6/2009,49.78,19.94,10.11,18.74
12/7/2009,80.49,19.3,19.37,26.25
12/8/2009,76.74,18.19,15.01,23.02
12/9/2009,25.86,19.35,16.13,21.69
12/10/2009,52.83,23.99,12.51,20.69
12/11/2009,49.26,29.99,14.75,20.39
12/12/2009,31.85,22.5,11.06,15.66
12/13/2009,35.2,24.68,13.2,15.84
12/14/2009,39.49,23.11,18.13,18.21
12/15/2009,40.13,19.04,30.23,14.72
12/16/2009,48.73,21.21,15.82,17.43
12/17/2009,69.81,22.2,18.49,17.42
12/18/2009,68.06,23.01,20.7,20.97
12/19/2009,95.86,23.85,27.15,26.63
12/20/2009,84.06,23.04,30.33,26.71
12/21/2009,101.3,49.31,45.36,34.99
12/22/2009,41.07,20.94,27.26,14.82
12/23/2009,45.66,22.73,22.21,26.53
12/24/2009,38.16,19.65,18.32,15.34
12/25/2009,32.07,21.68,17.37,23.27
12/26/2009,20.03,19.2,13.43,16.27
12/27/2009,18.18,18.27,11.78,12.76
12/28/2009,52.72,29.58,18.31,38.75
12/29/2009,92.82,31.19,30.75,45.49
12/30/2009,53.03,29.45,20.16,28.25
12/31/2009,24.4,30.23,17.57,24.09
1/1/2010,25.58,12.92,8.34,12.57
1/2/2010,19.15,9.85,5.42,11.57
1/3/2010,12.03,9.74,5.45,12.71
1/4/2010,29.55,19.75,13.62,16
1/5/2010,20.48,13.84,8.56,12.5
1/6/2010,24.37,16.22,10.59,13.64
1/7/2010,46.03,15.21,12.46,15.57
1/8/2010,41.95,14.43,12.11,14.71
1/9/2010,22.78,14.17,8.04,13.29
1/10/2010,26.2,19.12,9.22,16.86
1/11/2010,34.28,19.01,16.18,20.64
1/12/2010,72.13,31.76,24.77,45.86
1/13/2010,77.28,26.22,20.75,32.93
1/14/2010,59.6,22.27,21.37,21.93
1/15/2010,68.18,20.12,22.31,27.14
1/16/2010,54.45,17.44,17.86,19.64
1/17/2010,35.18,15.29,15.72,16.07
1/18/2010,44.7,17.79,18.55,22.79
1/19/2010,53.18,18.12,16.82,20.29
1/20/2010,49.53,21.94,18.65,22.33
1/21/2010,46.48,20.3,19.23,21.08
1/22/2010,51.43,22.23,28.28,24.15
1/23/2010,82.13,24.66,25.54,27.54
1/24/2010,94.2,23.12,30.35,26.08
1/25/2010,75.83,23.76,27.86,20.31
1/26/2010,66.7,25.58,22.16,20.29
1/27/2010,64.8,25.73,40.54,16.64
1/28/2010,104.36,27.14,33.75,21
1/29/2010,145.38,35.88,45.38,38.07
1/30/2010,35.8,19.22,21.59,11.21
1/31/2010,41.1,25.21,19.55,11.71
2/1/2010,34.74,24.08,17.03,14.38
2/2/2010,80.1,29.56,25.06,24.13
2/3/2010,59.43,29.66,21.41,23.75
2/4/2010,95.14,32.62,24.84,32
2/5/2010,71.44,20.11,20.6,13.06
2/6/2010,30.49,14.81,10.68,11.94
2/7/2010,39.1,15.91,10.88,12.27
2/8/2010,62.86,17.11,14.64,15.27
2/9/2010,88,24.94,22.66,19.33
2/10/2010,45.14,16.19,23.31,14.5
2/11/2010,47.76,18.93,16.2,16.67
2/12/2010,67.07,19.48,16.73,20.27
2/13/2010,44.79,13.89,13.71,14.93
2/14/2010,117.22,25.3,20.26,30.93
2/15/2010,101.53,22.93,16,31.87
2/16/2010,172.83,38.92,34.18,46.06
2/17/2010,64.1,21.01,18.73,19.27
2/18/2010,105.23,32.41,21.06,60.63
2/19/2010,30.54,21.82,15.13,16.88
2/20/2010,36.29,19.94,8.67,14.19
2/21/2010,31.57,17.99,9.28,13.69
2/22/2010,36.94,18.82,11.34,15.75
2/23/2010,21.3,16.32,10.01,18.56
2/24/2010,33.65,22.18,14.45,23
2/25/2010,33.63,19.81,12.94,28.47
2/26/2010,29.8,20.98,12.34,27.18
2/27/2010,13.6,20.31,7.59,21.12
2/28/2010,27.28,19.27,9.12,17.71
3/1/2010,62.9,25.16,16.53,32.27
3/2/2010,45.36,18.36,10.81,12.31
3/3/2010,151.27,18.13,10.83,13.5
3/4/2010,40.91,16.56,11.48,12.27
3/5/2010,30.5,15.68,10.35,12.67
3/6/2010,39.24,15.82,14.69,13.81
3/7/2010,61.67,19.76,19.93,22.63
3/8/2010,42.47,15.87,22.86,16.69
3/9/2010,23.36,11.82,10.83,13.56
3/10/2010,28.87,10.89,9.84,13.41
3/11/2010,42.08,16.31,16.74,23.94
3/12/2010,58.3,20.05,16.07,26.25
3/13/2010,49.87,18.53,13.45,26.75
3/14/2010,38.3,18.76,11.49,21.38
3/15/2010,26.89,16.44,10.96,19.19
3/16/2010,30.56,16.06,11.86,18.56
3/17/2010,42.81,17.51,14.18,24.33
3/18/2010,74.89,30.92,22.55,37
3/19/2010,82.29,37.81,29.43,44.86
3/20/2010,51.54,32.02,20.19,29.43
3/21/2010,52.06,24.14,12.77,25.86
3/22/2010,38.07,20.37,8.05,15.36
3/23/2010,34.6,14.78,8.71,13.07
3/24/2010,43.27,20.02,23.85,15.64
3/25/2010,42.71,18.69,12.45,15.2
3/26/2010,32.49,13.49,7.93,11.2
3/27/2010,22,14.57,7.89,10.07
3/28/2010,14.4,15.22,5.84,11.07
3/29/2010,21.23,19.22,12.42,16.33
3/30/2010,23.1,21.51,9.84,15.4
3/31/2010,21.83,19.39,9.54,12.69
4/1/2010,26.98,20.82,8.01,13.81
4/2/2010,23.8,15.54,9.48,15.44
4/3/2010,23.1,15.62,8.2,13.81
4/4/2010,25.17,15.69,8.57,16.13
4/5/2010,14.15,14.82,6.63,13.63
4/6/2010,12.2,15.75,5.94,12.2
4/7/2010,31.18,18.19,7.86,14.88
4/8/2010,48.78,24.32,12.16,22.94
4/9/2010,55.87,28.58,12.44,26.35
4/10/2010,34.8,20.21,9.26,17
4/11/2010,23.52,16.91,7.96,13.12
4/12/2010,16.6,18.73,8.07,14.94
4/13/2010,22.12,16.37,8.53,12.81
4/14/2010,16.82,17.65,8.36,14.56
4/15/2010,30.07,21.95,8.71,16.5
4/16/2010,44.97,24.81,10.62,20.69
4/17/2010,38.68,24.52,10.09,17.94
4/18/2010,27.5,17.77,7.63,13.5
4/19/2010,26,20.13,7.75,15.94
4/20/2010,31.73,21.16,8.23,17
4/21/2010,40.96,26.96,9.33,23.94
4/22/2010,27.58,21.82,8.27,17.88
4/23/2010,28.74,18.28,8.93,17.94
4/24/2010,33,19.11,9.21,19.12
4/25/2010,36.78,19.53,9.34,17.88
4/26/2010,24.98,13.12,6.99,14.12
4/27/2010,22.26,12.85,6.93,13.24
4/28/2010,23.05,22.1,9.19,16.18
4/29/2010,35.45,24.65,7.41,21.59
4/30/2010,42.88,33.76,13.69,24.65
5/1/2010,45.22,32.97,9.09,30.18
5/2/2010,34.8,24.96,7.88,23.32
5/3/2010,44.07,22.03,7.81,25.53
5/4/2010,35.73,16.83,7.69,21.74
5/5/2010,29.15,18.86,5.4,19.68
5/6/2010,21.12,16.42,7,16.76
5/7/2010,17.62,18.41,6.85,18.63
5/8/2010,18.53,16.58,5.26,21.54
5/9/2010,20.45,20.99,7.51,20.04
5/10/2010,32.54,24.46,8.22,25.07
5/11/2010,30.16,22.8,6.64,28.47
5/12/2010,24.58,21.79,5.84,21.2
5/13/2010,21.56,22.78,8.91,23.8
5/14/2010,20.73,22.31,5.73,26.14
5/15/2010,12.32,15.82,7.96,21.82
5/16/2010,7.1,10.19,7.66,10.55
5/17/2010,10.62,13.22,5.36,12.37
5/18/2010,16.18,15.18,5.64,13.26
5/19/2010,19.2,18.5,5.96,17.64
5/20/2010,16.5,15.39,5.85,17.79
5/21/2010,22.63,16.57,5.12,16.04
5/22/2010,18.17,15.54,5.89,14.13
5/23/2010,21.23,18.04,5.99,15.27
5/24/2010,31.15,22.55,9.9,16.74
5/25/2010,27.9,24.05,9.5,17.54
5/26/2010,28.37,27.23,8.41,19.62
5/27/2010,23.52,26.43,8.35,17.95
5/28/2010,17.2,23.54,6.61,14.72
5/29/2010,30.65,21.14,6.37,18.61
5/30/2010,12.13,20.12,5.83,14.88
5/31/2010,7.13,21.14,5.89,16.88
6/1/2010,10.36,14.02,6.79,13.13
6/2/2010,8.86,17.14,6.86,13.5
6/3/2010,17.82,22.4,7.32,14.88
6/4/2010,12.5,17.43,7.09,12.41
6/5/2010,15.56,16.48,5.54,14
6/6/2010,26.22,22.38,5.91,15.71
6/7/2010,29.82,23.71,6.27,12.27
6/8/2010,41.6,30.59,7.2,16.07
6/9/2010,35.4,30.69,7.18,16.79
6/10/2010,40.12,22.67,5.94,18
6/11/2010,32.94,22.69,5.14,18.38
6/12/2010,48.4,24.46,5.81,20.69
6/13/2010,48.13,20.94,5.61,16.62
6/14/2010,47.75,23.59,5.67,16
6/15/2010,26.04,18.48,4.74,13.6
6/16/2010,35.76,21.98,5.21,18.33
6/17/2010,22.45,21.83,4.01,12.87
6/18/2010,26.43,17.86,4.09,13.06
6/19/2010,18.43,20.13,5.33,14.31
6/20/2010,19.55,19.97,5.04,12.25
6/21/2010,17.68,18.68,4.99,13.06
6/22/2010,8.22,15.27,5.02,12.88
6/23/2010,15.54,18.46,4.98,12.24
6/24/2010,16.78,20.03,5.42,14
6/25/2010,17.72,21.73,5.19,16.71
6/26/2010,13.26,15.79,4.79,13.88
6/27/2010,15.02,15.18,4.76,13.5
6/28/2010,17.12,16.98,4.98,14
6/29/2010,21.6,19.69,5.36,14.44
6/30/2010,21.6,21.65,5.06,15
7/1/2010,23.22,22.99,5.48,11.76
7/2/2010,30.82,28.47,5.23,12.88
7/3/2010,27.72,22.21,5.76,12.18
7/4/2010,15.54,21.22,5.74,10.59
7/5/2010,19.14,28.79,5.68,12.71
7/6/2010,23.57,22.73,5.37,11.13
7/7/2010,17.5,18.73,5.28,12.24
7/8/2010,18.64,20.68,5.89,12.53
7/9/2010,23.2,22.46,6.75,15.53
7/10/2010,25.48,19.61,6.4,13.82
7/11/2010,25.78,19.58,6.04,13.88
7/12/2010,27.98,21.84,6.11,14.94
7/13/2010,33.4,22.88,5.95,13.87
7/14/2010,35.3,25.78,5.49,11.2
7/15/2010,42.55,26.35,5.67,12.06
7/16/2010,47.03,27.84,6.28,14.24
7/17/2010,35.38,22.33,5.98,9.47
7/18/2010,23.54,16.43,5.78,9
7/19/2010,18.32,15.13,6.36,9.71
7/20/2010,29.86,17.68,5.63,13.41
7/21/2010,51.34,24.19,6.13,20.36
7/22/2010,54.06,24.22,6.67,22.21
7/23/2010,72.98,30.59,12.81,25.33
7/24/2010,30.52,16.33,7.41,11.6
7/25/2010,7.06,11.91,5.84,9.87
7/26/2010,11.92,13.96,6.09,10.79
7/27/2010,14.34,15.33,6.43,10.64
7/28/2010,19.3,16.68,6.99,10.81
7/29/2010,19.24,19.49,8.99,11.19
7/30/2010,16.74,17.74,6.69,11.69
7/31/2010,20.6,14.35,6.22,9.88
8/1/2010,17,14.18,6.98,8.31
8/2/2010,31.16,19.23,6.73,8.94
8/3/2010,38.32,21.79,6.79,13.94
8/4/2010,12.68,17.7,6.24,9.47
8/5/2010,27.78,19.27,8.04,10
8/6/2010,33.52,19.44,7.54,9.88
8/7/2010,12.86,14.87,6.69,9.63
8/8/2010,13.7,14.84,6.61,10.56
8/9/2010,15.32,20.61,7.25,10.13
8/10/2010,21.86,20.99,7.18,10
8/11/2010,26.48,21.84,7.98,13.47
8/12/2010,38.94,26.01,8.51,14.31
8/13/2010,74.18,25.43,4.68,10.5
8/14/2010,39.48,20.26,7.55,11.06
8/15/2010,79.08,19.89,6.19,10.44
8/16/2010,39.26,22.52,6.36,10.56
8/17/2010,22.3,23.23,6.64,10.06
8/18/2010,23.42,23.37,6.19,12.13
8/19/2010,34.96,26.6,7.93,13.63
8/20/2010,25.38,24.84,6.69,12.31
8/21/2010,28.07,22,6.85,12.06
8/22/2010,37.05,29.27,8.29,11.38
8/23/2010,35.43,29.7,8.19,11.38
8/24/2010,37.8,30.49,8.89,14.06
8/25/2010,26.62,23.31,6.51,11.53
8/26/2010,30.18,25.54,7.33,12.35
8/27/2010,33.64,26.69,8.13,11.81
8/28/2010,25.16,21.44,6.38,10.63
8/29/2010,24.08,19.89,6.21,10.31
8/30/2010,20.68,23.88,7.66,9.94
8/31/2010,7.82,22.68,6.39,10.63
9/1/2010,10.46,17.71,6.24,12.06
9/2/2010,20.77,22.65,6.88,15.19
9/3/2010,28.26,27.39,8.68,15.25
9/4/2010,25.62,23.95,9.16,11.13
9/5/2010,25.1,23.92,7.52,13.06
9/6/2010,23.1,21.77,7.61,13.19
9/7/2010,32.58,22.97,8.36,15.4
9/8/2010,37.48,30.31,8.38,24.5
9/9/2010,20.8,21.01,8.18,15.47
9/10/2010,30.78,20.94,7.71,20.82
9/11/2010,20.6,18.64,7.69,15.65
9/12/2010,29.68,18.67,9.34,16.12
9/13/2010,30.86,21.36,6.99,20.12
9/14/2010,36.12,20.79,5.64,20.76
9/15/2010,40.74,23.25,7.02,21.53
9/16/2010,43.02,29.77,8.66,30.81
9/17/2010,44.54,37.15,16.54,32.75
9/18/2010,19.37,20.42,6.77,19.38
9/19/2010,11.66,16.44,5.34,19.25
9/20/2010,20.98,27.22,5.96,28.44
9/21/2010,29.15,33.58,9.23,37.75
9/22/2010,38.2,34.85,7.55,36.81
9/23/2010,36.65,32.02,14.21,23.25
9/24/2010,28.52,21.53,8.46,13
9/25/2010,26.7,15.45,7.99,12.5
9/26/2010,12.3,16.58,6.67,11.06
9/27/2010,19.24,24.51,9.64,17.94
9/28/2010,24.53,23.47,7.57,16.06
9/29/2010,14.28,18.38,6.9,14.4
9/30/2010,21.2,21.74,6.81,16.29
10/1/2010,34.25,26.47,13.36,14.69
10/2/2010,32.8,22.54,10.24,12.06
10/3/2010,32.48,16.49,8.07,11.19
10/4/2010,19.37,13.61,7.03,10.06
10/5/2010,16.04,12.84,7.15,9.8
10/6/2010,9.04,13.5,8.68,9.13
10/7/2010,26.9,13.99,14.53,11.29
10/8/2010,44.98,27.07,12.57,20.94
10/9/2010,41.05,24.59,15.4,16.76
10/10/2010,66.5,29.19,15.86,20.94
10/11/2010,103.74,53.88,25.86,27.88
10/12/2010,116.82,43.74,27.52,28.94
10/13/2010,82.14,40.73,24.91,22.71
10/14/2010,41.64,24.93,23.12,11.35
10/15/2010,47.22,29.96,14.2,13.35
10/16/2010,66.22,28.72,12.38,12.53
10/17/2010,48.3,25.07,12.14,11.24
10/18/2010,28.68,24.3,13.76,11.94
10/19/2010,20.52,17.99,10.09,11.53
10/20/2010,18.45,19.59,9.29,11.82
10/21/2010,35.68,31.76,11.71,12.31
10/22/2010,36.68,26.34,14.56,12.2
10/23/2010,66.08,35.79,18.82,12
10/24/2010,56.34,26.02,15.67,11.93
10/25/2010,36.26,25.09,14.62,13.4
10/26/2010,14.7,19.51,8.62,11.33
10/27/2010,18.42,20.07,8.81,12.6
10/28/2010,48.2,28.29,15.59,17.81
10/29/2010,69.7,35.2,27.03,28.5
10/30/2010,62.98,30.16,24.7,19.88
10/31/2010,41.33,27.41,18.26,15.94
11/1/2010,46.65,28.46,14.65,12.19
11/2/2010,48.37,28.7,11.88,12.41
11/3/2010,92.58,47.13,16.49,33.82
11/4/2010,135.4,71.31,24.53,59.59
11/5/2010,122.2,83.58,27.89,79.41
11/6/2010,106.17,69.17,23.46,65.82
11/7/2010,82.4,42.27,15.25,31.59
11/8/2010,26.15,35.16,9.62,10.76
11/9/2010,14.48,31.29,7.72,11
11/10/2010,20.35,47.46,8.95,9.65
11/11/2010,40.57,54.23,11.32,18.24
11/12/2010,71.15,72.17,26.48,42.06
11/13/2010,84.4,64.94,14.33,52.47
11/14/2010,101.47,79.61,15.29,68.06
11/15/2010,110.98,97.06,16.33,69.12
11/16/2010,69.6,51.65,13.03,35
11/17/2010,56.27,32.67,10.09,16.18
11/18/2010,33.96,43.19,11.89,30.12
11/19/2010,29.39,40.4,9.29,16.59
11/20/2010,54.83,48.34,14.21,18.47
11/21/2010,33.7,28.24,11.66,13.76
11/22/2010,22.51,30.71,9.08,13.76
11/23/2010,29.81,47.41,11.88,20.41
11/24/2010,36.97,44.19,13.66,19.18
11/25/2010,48.61,44.46,19.97,21.41
11/26/2010,37,31.92,15.37,18.06
11/27/2010,51.7,31.79,14.85,18.88
11/28/2010,40.97,24.76,16.99,15.06
11/29/2010,47.04,38.46,14.69,18.29
11/30/2010,34.91,33.31,11.37,18.24
12/1/2010,33.53,18.3,10.62,9
12/2/2010,56.63,29.23,17.36,10.44
12/3/2010,45.21,27.61,18.29,10
12/4/2010,36.67,21.54,7.72,9.18
12/5/2010,44.53,20.73,11.09,9
12/6/2010,33.97,23.59,15.34,11
12/7/2010,74.8,40.84,17.46,23.41
12/8/2010,40,39.62,19.98,19.24
12/9/2010,21.4,26.83,11.51,14.18
12/10/2010,19.48,20.67,9.85,9.87
12/11/2010,22.2,23.19,11.62,13.53
12/12/2010,26.08,25.05,11.48,9.2
12/13/2010,22.8,22.51,11.14,10.12
12/14/2010,24.25,21.87,9.44,9.31
12/15/2010,37.82,34.96,11.03,11.25
12/16/2010,59.74,36.4,23.99,13.25
12/17/2010,102.26,38.68,33.31,16
12/18/2010,65.96,29.32,21.54,13.8
12/19/2010,73.02,36.3,25.69,16.2
12/20/2010,56.74,38.31,23.41,31
12/21/2010,171.83,90.3,37.75,91.31
12/22/2010,53.9,42.88,28.76,21.6
12/23/2010,43.23,32.13,19.66,16.53
12/24/2010,39.47,27.71,15.58,13.86
12/25/2010,16.9,26.1,12.73,11.79
12/26/2010,19.82,21.58,12.57,11.86
12/27/2010,30.85,29.52,15.54,14.62
12/28/2010,59.78,38.34,24.23,23.29
12/29/2010,158.7,52.96,39.01,39.4
12/30/2010,185.18,58.46,64.05,29.33
12/31/2010,160.5,49.33,65.93,14.44
1/1/2011,212.86,52.11,73.42,16
1/2/2011,137.24,37.94,41.13,13.29
1/3/2011,76.57,28.71,20.59,8.35
1/4/2011,75.76,26.32,29.69,14.44
1/5/2011,132.62,35.3,38.61,23.39
1/6/2011,46.15,23.19,35.39,14.67
1/7/2011,95.08,32.95,36.76,24.94
1/8/2011,118.8,52.49,42.86,53.17
1/9/2011,76.28,45.56,38.05,39.33
1/10/2011,122.33,56.33,33.85,35.61
1/11/2011,75.21,25.65,24.62,16.5
1/12/2011,55.79,29.36,20.69,15.78
1/13/2011,96.56,44.58,28.25,29.28
1/14/2011,94.83,55.06,31.84,35.58
1/15/2011,68.63,39.95,25.15,26.95
1/16/2011,55.03,40.22,21.68,25
1/17/2011,118.71,55.34,31.78,48.17
1/18/2011,104.07,37.47,20.72,27.61
1/19/2011,48.28,27.45,21.58,11.83
1/20/2011,32.1,27.35,12.18,11.11
1/21/2011,24.72,26.51,13.21,11.78
1/22/2011,17.65,20.14,12.2,8.63
1/23/2011,36.05,22.11,15.01,12.94
1/24/2011,53.6,31.28,18.57,20.26
1/25/2011,70.95,34.94,27.77,20.37
1/26/2011,114.82,52.75,40.15,33.53
1/27/2011,111.46,48.64,35.71,24.79
1/28/2011,69.37,31.26,35.61,14.42
1/29/2011,57.77,24.16,26.85,11.37
1/30/2011,99.83,30.28,30.51,20.21
1/31/2011,82.53,36.37,33.09,14
2/1/2011,118.65,43.28,71.34,22.89
2/2/2011,103.42,43.27,123.13,17.63
2/3/2011,95.68,41.73,32.25,27.47
2/4/2011,109.77,45.35,33.52,26.47
2/5/2011,166.48,81.91,49.33,77.11
2/6/2011,146.6,87.84,50.39,86.47
2/7/2011,197.3,138.01,65.77,91.56
2/8/2011,159.12,105.98,59.53,87.56
2/9/2011,63.6,69.4,31.81,60.67
2/10/2011,104.32,53.74,38.57,52
2/11/2011,123.58,73.83,55.66,53.28
2/12/2011,59.4,41.02,27.48,40.44
2/13/2011,67.16,37.43,33.12,32.67
2/14/2011,57.95,36.77,25.03,19.63
2/15/2011,48.08,30.05,21.31,19.79
2/16/2011,36.35,23.9,22.56,13.68
2/17/2011,36.36,24.28,19.54,13.95
2/18/2011,41.38,26.18,24.83,14.89
2/19/2011,39.98,29.62,19.61,18.47
2/20/2011,75.4,21.63,15.77,20.95
2/21/2011,43.03,22.38,29.45,13.68
2/22/2011,56.63,24.01,23.01,20.32
2/23/2011,76,27.6,16.81,22.74
2/24/2011,82.25,25.52,19.34,25.68
2/25/2011,70.07,30.93,21.73,25.16
2/26/2011,88.67,28.64,31.56,29.53
2/27/2011,58.17,27.33,30.46,18
2/28/2011,45.77,29.53,27.86,18.74
3/1/2011,59.4,28.41,30.63,19.79
3/2/2011,45.64,20.46,27.36,15.26
3/3/2011,42.42,23.64,32.01,19.26
3/4/2011,76.26,39.57,43.12,21.74
3/5/2011,75.78,32.76,32.5,21.28
3/6/2011,63.44,24.94,24.45,18.06
3/7/2011,24.84,22.71,21.21,13.44
3/8/2011,53.82,31.7,20.62,18.78
3/9/2011,86.26,49.9,41.68,31.06
3/10/2011,108.88,62.31,65.91,40.79
3/11/2011,113.06,66.02,44.52,37.16
3/12/2011,90.28,53.31,37.8,28.79
3/13/2011,26.95,36.71,24.98,22.16
3/14/2011,34.7,40.03,25.14,18.61
3/15/2011,70.16,44.73,20.54,19.67
3/16/2011,41,36.1,18.64,16.11
3/17/2011,28.2,26.08,18.98,12.06
3/18/2011,33.52,29.28,18.69,10.29
3/19/2011,11.54,23.51,7.87,7.06
3/20/2011,15.16,20.48,7.28,6.76
3/21/2011,45.98,30.34,16.27,10.17
3/22/2011,44.88,32.49,14.08,21.16
3/23/2011,58.18,33.03,14.51,13.63
3/24/2011,51.86,35.79,12.56,14.58
3/25/2011,50.5,45.99,25.65,21.21
3/26/2011,42.36,40.49,16.13,18.47
3/27/2011,41.58,29.74,11.63,13.47
3/28/2011,45.98,38.29,14.3,13.84
3/29/2011,27.9,38.33,12.79,18.63
3/30/2011,38.7,47.83,13.33,17.33
3/31/2011,35.15,40.71,21.92,20.79
4/1/2011,48.26,43.4,14.05,18.42
4/2/2011,46.12,39.46,10.76,17.53
4/3/2011,56.38,41.64,12.02,22.16
4/4/2011,65.74,53.81,23.58,26.11
4/5/2011,33.32,31.27,10.37,14.53
4/6/2011,40.34,33.98,11.96,20.89
4/7/2011,37.38,37.11,10.83,19
4/8/2011,44.7,24.44,9.57,15.42
4/9/2011,47.64,18.78,9.09,12.42
4/10/2011,30.3,20,9.3,10.89
4/11/2011,30.5,30.37,9.11,13.63
4/12/2011,31.88,35.83,10.7,14.63
4/13/2011,14.68,26.64,9.42,11
4/14/2011,11.4,23.04,8.64,9.95
4/15/2011,24.94,28.44,9.85,14.21
4/16/2011,38.58,28.77,11.52,13.95
4/17/2011,42.58,26.54,12.14,15.53
4/18/2011,46.72,40.73,14.24,13.37
4/19/2011,48.8,40.83,11.46,15.47
4/20/2011,51.8,51.53,12.87,18.37
4/21/2011,37.03,40.34,12.46,22.37
4/22/2011,36.83,25.41,11.23,11.74
4/23/2011,25.75,21.59,11.19,9.89
4/24/2011,19.6,17.79,10.34,9.42
4/25/2011,20.08,19.32,8.71,9.37
4/26/2011,18.15,22.35,7.93,9.63
4/27/2011,18.3,25.81,8.81,13.26
4/28/2011,26.68,25.82,13.97,13.94
4/29/2011,28.24,27.34,12.21,15.94
4/30/2011,13.64,29.08,9.78,14.17
5/1/2011,26.73,25.89,10.98,13
5/2/2011,22.36,25.44,9.58,12.33
5/3/2011,25.96,24.36,10.46,14.47
5/4/2011,24.61,28.81,8.68,12.75
5/5/2011,28.44,32.23,8.98,14.56
5/6/2011,29.14,37.8,13.5,16.89
5/7/2011,29.97,35.19,16.09,15.22
5/8/2011,21.28,25.78,10.41,16.94
5/9/2011,33.29,35.36,14.01,16.47
5/10/2011,38.49,43.14,11.56,16.35
5/11/2011,30.42,44.94,10.06,14.88
5/12/2011,35.79,49.35,12.79,16.53
5/13/2011,38.67,50.17,14.15,19.12
5/14/2011,37.11,41.45,14.47,16.82
5/15/2011,31.63,31.5,16.46,11.76
5/16/2011,6.38,25.78,8.81,12.28
5/17/2011,19.86,30.81,8.35,14.5
5/18/2011,41.28,35.95,14.28,16.06
5/19/2011,31.66,31.49,14.5,17.29
5/20/2011,30.7,31.29,13.33,15.88
5/21/2011,47.42,37.71,16.56,19.18
5/22/2011,31.88,25.19,28.15,13.24
5/23/2011,37.24,34.23,11.97,12.06
5/24/2011,47.34,38.07,13.7,13.88
5/25/2011,32.76,33.31,10.61,15.88
5/26/2011,34.18,31,11.7,16.31
5/27/2011,24.96,23.61,11.05,14.93
5/28/2011,29.78,21.85,16.58,14.13
5/29/2011,13.96,22.64,8.14,15.13
5/30/2011,28.96,31.96,11.04,16.29
5/31/2011,33.96,27.18,13.31,17.18
6/1/2011,30.43,28.39,11.54,16.87
6/2/2011,35.7,30.67,8,15.29
6/3/2011,45.02,34.9,8.56,15.65
6/4/2011,52.25,34.35,9.09,16.82
6/5/2011,38.57,29.06,9.98,13.29
6/6/2011,38.55,28.32,6.66,11.78
6/7/2011,35.22,21.15,6.74,11.72
6/8/2011,35.08,22.86,6.01,11.72
6/9/2011,14.13,24.45,6.69,13.83
6/10/2011,26.9,23.79,6.19,10.06
6/11/2011,26.42,23.18,5.86,11.76
6/12/2011,25.55,22.66,6.27,9.94
6/13/2011,24.72,29.09,5.37,9.88
6/14/2011,24.3,26.79,7.62,11.47
6/15/2011,33,23.97,6.64,13.41
6/16/2011,39.1,26.85,5.86,14.65
6/17/2011,39.9,35.82,9.62,21.47
6/18/2011,43.88,35.65,12.82,18.76
6/19/2011,19.8,19.72,8.46,12.41
6/20/2011,16.14,25.78,8.8,12.44
6/21/2011,28.26,29.59,9.99,19.47
6/22/2011,27.4,31.21,8.14,15.47
6/23/2011,29.5,30.46,11.25,15.2
6/24/2011,23.46,24.69,9.61,12.33
6/25/2011,21.88,20.78,5.95,8.07
6/26/2011,22.22,20.37,6.23,8.2
6/27/2011,32.64,24.6,6.61,9.6
6/28/2011,22.43,22.31,7.02,10.27
6/29/2011,31.55,26.72,7.48,14.87
6/30/2011,26.78,20.26,7.98,12.67
7/1/2011,20.76,22.14,6.29,15.4
7/2/2011,22.54,25.35,9.79,13.2
7/3/2011,22.8,26.78,14.43,15.47
7/4/2011,22.84,24.56,10.26,13.38
7/5/2011,20.12,31.52,12.34,15.69
7/6/2011,26.96,28.74,8.62,15.59
7/7/2011,29.81,37.69,10.55,17.41
7/8/2011,33.81,40.25,12.85,16.65
7/9/2011,36.69,29.36,10.74,17.41
7/10/2011,32.39,29.31,9.98,16.12
7/11/2011,39.43,29.75,12.45,17
7/12/2011,28.03,32.13,8.86,15.61
7/13/2011,30.86,30.39,10.69,16.94
7/14/2011,26.66,26.24,11.36,14.22
7/15/2011,37.3,29.73,11.28,14.94
7/16/2011,25.03,25.01,7.86,12.94
7/17/2011,30.74,26.12,9.66,16.33
7/18/2011,40.13,33.4,10.09,16.47
7/19/2011,32.59,28.88,11.85,14.82
7/20/2011,39.64,28.58,10.31,15
7/21/2011,20.83,26.17,11.19,11.82
7/22/2011,28.54,32.23,23.59,18
7/23/2011,48.53,32.14,14.24,20.69
7/24/2011,29.03,23.97,13.76,14.18
7/25/2011,22.21,27.06,8.75,12.35
7/26/2011,28.64,28.99,23.01,12
7/27/2011,31.69,32.25,22.52,16.65
7/28/2011,34.53,32.42,15.62,14.76
7/29/2011,24.18,26.38,9.29,16.65
7/30/2011,28.19,26.32,9.97,15.18
7/31/2011,29.04,27.55,8.8,15.29
8/1/2011,21.97,22.58,6.97,14.79
8/2/2011,29.04,31.53,6.91,14.71
8/3/2011,35.63,27.62,9.34,14.93
8/4/2011,41.81,29.75,11.67,14.4
8/5/2011,69.53,32.77,11.23,15.63
8/6/2011,42.53,25.58,10.41,13.94
8/7/2011,42.53,29.81,12.11,16.5
8/8/2011,39.23,36.12,12.56,16
8/9/2011,28.99,26.33,10.06,17.56
8/10/2011,22.91,25.27,9.77,16.31
8/11/2011,35.2,27.39,10.26,15
8/12/2011,35.09,30.68,12.62,17.53
8/13/2011,41.63,31.86,13.6,17.12
8/14/2011,39.66,31.08,14.67,17.06
8/15/2011,42.29,34.13,15.88,16.44
8/16/2011,31.47,29.55,12,14.72
8/17/2011,35.87,28.64,12.6,16.94
8/18/2011,47.53,31.16,11.79,16.94
8/19/2011,45,35.64,17.41,15.71
8/20/2011,47.07,25.69,19.21,14.53
8/21/2011,38.98,24.47,13.61,13.41
8/22/2011,31.24,31.14,17.41,16.75
8/23/2011,66.71,35.09,23.1,19.94
8/24/2011,49.47,35.56,19.12,16.18
8/25/2011,55.66,36.25,16.55,15.11
8/26/2011,44.61,24.32,18.67,12.28
8/27/2011,41.51,21.75,16.98,14.78
8/28/2011,38.43,29.37,15.77,14.44
8/29/2011,37.39,28.89,15.62,16.56
8/30/2011,38.39,37.66,17.53,17.72
8/31/2011,47.4,40.41,15.73,16.17
9/1/2011,69.69,44.59,18.16,24.82
9/2/2011,53.41,37.72,14.33,17.76
9/3/2011,68.9,38.92,14.4,25.88
9/4/2011,53.39,34.11,16.4,19.53
9/5/2011,143.43,29.96,16.16,14.65
9/6/2011,224.65,36.62,15.26,19.61
9/7/2011,214.46,35.23,13.5,19.39
9/8/2011,181.77,34.55,14.63,18.67
9/9/2011,164.65,32.48,13.89,15.53
9/10/2011,109.72,31.15,15.11,18.12
9/11/2011,39.62,43.13,18,18.82
9/12/2011,45.18,40.17,16.66,21.24
9/13/2011,38.84,42.9,14.72,23
9/14/2011,55.38,42.05,19.36,21.33
9/15/2011,42.66,31.76,14.91,12.89
9/16/2011,39.4,31.86,13.34,14.33
9/17/2011,48.55,33.11,13.64,17.89
9/18/2011,54.3,25.47,17.08,12.56
9/19/2011,59.85,24.82,14.52,11.65
9/20/2011,63.47,28.48,12.48,12.88
9/21/2011,88.53,30.22,13.13,14.12
9/22/2011,54.77,32.11,13.44,18.61
9/23/2011,97.32,39.05,14.39,20.35
9/24/2011,81.52,37.13,15.86,21.65
9/25/2011,114.96,35.57,15.93,18.94
9/26/2011,209.66,36.46,17.33,15.6
9/27/2011,175.24,47.64,21.85,19.46
9/28/2011,75.04,42.19,12.75,21.54
9/29/2011,38.88,35.33,16.59,17
9/30/2011,47.34,41.5,18.23,17.38
10/1/2011,45.01,42.24,17.27,19.93
10/2/2011,50.96,36.1,17.77,16.14
10/3/2011,62.73,50.75,19.76,22.87
10/4/2011,68.17,53.19,22.55,30
10/5/2011,75.38,58.44,22.31,29.29
10/6/2011,81.17,46.57,23.42,25.06
10/7/2011,54.06,34.44,22.72,17
10/8/2011,25.29,24.11,16.52,11.67
10/9/2011,17.73,20.32,15.51,8.22
10/10/2011,31.9,22.26,16.44,14.33
10/11/2011,49.44,23.72,22.68,19
10/12/2011,45.87,24.9,21.43,18.24
10/13/2011,26.9,22.26,17.34,15.81
10/14/2011,38.53,22.79,21.68,12.94
10/15/2011,46.27,21.98,19.52,12.59
10/16/2011,42.83,18.97,21.85,14.41
10/17/2011,74.84,32.32,27.32,25.89
10/18/2011,103.71,41.33,33.09,38.5
10/19/2011,111.56,49.58,35.44,39.94
10/20/2011,86.64,37.18,25.09,29.06
10/21/2011,31.34,23.09,12.9,17.72
10/22/2011,45.96,23.15,11.76,17.5
10/23/2011,75.89,23.18,14.06,21.61
10/24/2011,44.03,21.35,13.8,19.61
10/25/2011,26.37,20.28,15.01,19.56
10/26/2011,35,18.63,16.34,18.94
10/27/2011,29.84,19.11,17.06,20.67
10/28/2011,40.77,21.58,18.3,20.65
10/29/2011,61.82,26.13,20.14,22.18
10/30/2011,91.25,31.56,21.57,28.59
10/31/2011,165.8,48.21,33.41,64.41
11/1/2011,185,52.43,31.74,79.89
11/2/2011,176.13,48.33,28.43,52.63
11/3/2011,141.3,39.93,28.12,44.28
11/4/2011,82,29.53,22.29,27.28
11/5/2011,66.83,25.21,19.71,26.78
11/6/2011,57.61,16.56,17.17,26.67
11/7/2011,50.6,16.34,13.21,18.56
11/8/2011,44.97,24.5,11.01,22.38
11/9/2011,108.83,60.25,17.76,45.56
11/10/2011,127.09,41.26,14.97,39.06
11/11/2011,47.2,20.69,13.79,33.72
11/12/2011,98.3,32.21,19.58,39.06
11/13/2011,165.59,46.86,27.88,48.5
11/14/2011,240.75,60.17,46.92,91.56
11/15/2011,244.92,69.04,46.96,102.89
11/16/2011,242.75,62.45,36.15,83.88
11/17/2011,276.43,63.4,40.03,107.65
11/18/2011,255.37,51.66,37.21,101.44
11/19/2011,145.13,32.42,28.04,59.56
11/20/2011,128.88,23.72,26.74,35.63
11/21/2011,119.33,29.58,33.43,27.75
11/22/2011,146.62,33.53,44.34,43
11/23/2011,132.68,42.57,34.19,29.93
11/24/2011,115.52,41.83,34.01,32.87
11/25/2011,159.6,48.69,25.46,35.13
11/26/2011,100.4,39.4,22.67,25.8
11/27/2011,115.63,60.94,33.18,33.6
11/28/2011,151.48,75.09,31.48,67.07
11/29/2011,165.75,37.75,25.11,54.87
11/30/2011,79.18,28.66,20.71,23.31
12/1/2011,58.95,24.71,31.23,26.59
12/2/2011,192.01,72.13,42.44,63.59
12/3/2011,173.15,72.97,44.86,76.06
12/4/2011,64.32,35.69,27.48,22.88
12/5/2011,52.61,36.6,17.95,21.35
12/6/2011,55.07,44.18,19.57,37.06
12/7/2011,132.02,51.26,28.05,47.82
12/8/2011,26.79,35.07,19.68,20.71
12/9/2011,61.65,63.78,26.45,37.06
12/10/2011,54.47,54.4,30.95,41.53
12/11/2011,84.14,34.82,21.37,29.47
12/12/2011,75.11,36.97,22.19,27.24
12/13/2011,52.95,36.83,19.32,29.65
12/14/2011,100.6,49.81,28.32,34.33
12/15/2011,44.6,48.93,23.41,30.39
12/16/2011,15.04,31.33,15.81,18.67
12/17/2011,16.24,23.73,14.54,15.94
12/18/2011,36.52,24.57,18.11,19.28
12/19/2011,32.75,26.49,19.84,17.44
12/20/2011,35.23,28.13,11.81,19.33
12/21/2011,78.97,42.16,36.15,29.06
12/22/2011,76.68,31.95,23.18,26.33
12/23/2011,69.57,34.96,16.84,26.06
12/24/2011,136.4,44.68,37.49,36.67
12/25/2011,71.9,23.56,18.35,24.56
12/26/2011,112.07,47.66,22.66,38.53
12/27/2011,125.9,48.41,29.24,42.76
12/28/2011,94.18,38.68,29.13,28.94
12/29/2011,100.2,31.92,24.36,29.47
12/30/2011,100.85,33.79,27.89,31.06
12/31/2011,83.14,30.3,21.21,34.06
1/1/2012,75.26,39.69,31.67,31.94
1/2/2012,116.87,54.59,37.47,47.31
1/3/2012,144.37,49.98,31.37,61
1/4/2012,119.21,52.08,34.52,46
1/5/2012,38.9,34.64,23.17,18.94
1/6/2012,23.35,21.09,13.36,11
1/7/2012,33.08,22.96,12.56,14
1/8/2012,34.68,23.17,14.92,10.19
1/9/2012,29.97,23.37,13.59,13.44
1/10/2012,28.81,25.53,12.05,14.38
1/11/2012,51,32.44,14.95,21.31
1/12/2012,64.36,39.42,19.88,23.5
1/13/2012,71.4,35.29,20.79,24
1/14/2012,27.01,19.73,13.54,9.4
1/15/2012,27.71,15.62,12.09,7.93
1/16/2012,27.57,21.86,13.89,12.93
1/17/2012,34.56,24.25,16.09,15.2
1/18/2012,50.36,29.53,17.86,16.73
1/19/2012,62.59,47.55,35.62,29.33
1/20/2012,39.33,36.86,21.99,21.31
1/21/2012,34,27.37,15.75,15
1/22/2012,62.13,30.36,21.78,14.06
1/23/2012,71.39,43.28,27.81,37.94
1/24/2012,41.16,28.64,21,19.88
1/25/2012,29.4,17.28,13.38,15.31
1/26/2012,41.39,23.95,14.91,18.38
1/27/2012,68.06,28.1,22.09,29.87
1/28/2012,70.73,25.5,29.63,21.2
1/29/2012,42.85,15.66,22.95,17.33
1/30/2012,57.78,26.59,31.46,21.27
1/31/2012,68.47,31.28,27.03,26.2
2/1/2012,72.22,18.45,26.05,21
2/2/2012,54.96,26.55,32.91,22.6
2/3/2012,67.56,26.57,33.09,24.19
2/4/2012,81.73,26.84,20.93,26
2/5/2012,71.05,23.05,26.79,23.73
2/6/2012,92.5,27.21,33.8,25.56
2/7/2012,96.93,32.09,35.73,29.75
2/8/2012,63.3,32.06,49.57,18.5
2/9/2012,201.97,58.73,67.16,46.07
2/10/2012,174.86,49.76,67.82,34.33
2/11/2012,41.47,23.59,31.24,15.4
2/12/2012,88,32.16,46.13,22.8
2/13/2012,144.42,40.64,41.16,30.47
2/14/2012,105,58.33,43.09,40.77
2/15/2012,53.11,34.79,40.38,21.79
2/16/2012,31.04,18.95,21.82,17.31
2/17/2012,40.69,27.35,21.47,18.67
2/18/2012,60.83,44.38,28.48,36.75
2/19/2012,110.9,65.3,39.67,44.08
2/20/2012,102.5,64.84,29.96,37.64
2/21/2012,101.46,46,25.01,29.92
2/22/2012,173.69,49.28,26.97,32.67
2/23/2012,134.14,47.18,53.66,34.25
2/24/2012,80,48.65,37.95,35.56
2/25/2012,52.99,50.71,27.39,37
2/26/2012,52.11,39.55,22.96,29
2/27/2012,39.97,27.15,20.91,24.06
2/28/2012,43.47,35.28,18.95,24.14
2/29/2012,41.07,34.2,19.52,20.86
3/1/2012,56.77,40.15,25.82,29.5
3/2/2012,74.97,35.55,25.27,18.23
3/3/2012,79.61,30.14,19.84,18.23
3/4/2012,79.07,36.97,21.44,17.54
3/5/2012,43.94,33.63,27.54,14.69
3/6/2012,50.16,34.64,23.56,18.92
3/7/2012,43.99,32.87,25.48,15.54
3/8/2012,56.96,33.33,38.19,22.31
3/9/2012,68.88,37.96,28.58,38.08
3/10/2012,76.53,35.26,24.18,33.62
3/11/2012,85.45,29.76,21.18,33.62
3/12/2012,41.03,23.57,15.09,22.57
3/13/2012,60.4,32.29,21.15,30.71
3/14/2012,39.13,27.11,20.81,20.92
3/15/2012,45.47,32.9,24.14,25.23
3/16/2012,67,71.83,60.76,41.62
3/17/2012,70.7,63.63,49.19,43.38
3/18/2012,47.91,49.18,28.01,26.31
3/19/2012,63.11,47.71,33.7,27.15
3/20/2012,46.9,34.44,24.23,27
3/21/2012,64.93,49.45,25.12,40.38
3/22/2012,92.93,58.29,31.21,46.62
3/23/2012,87.24,63.39,39.89,45.69
3/24/2012,80.27,59.77,30.02,44.23
3/25/2012,61.31,41.31,20.25,29.46
3/26/2012,53.41,24.11,14.89,20.46
3/27/2012,84.44,29.23,20,23.83
3/28/2012,54.76,36.39,16.62,27.25
3/29/2012,45.5,28.88,20.03,25.23
3/30/2012,29.25,22.92,14.43,19
3/31/2012,33.33,29.6,28.02,21.38
4/1/2012,32.73,19.66,9.53,16
4/2/2012,43.52,31.18,14.2,28.62
4/3/2012,47.77,43.66,16.47,43.54
4/4/2012,58.57,32.77,12.75,37.42
4/5/2012,55.78,34.19,12.35,43.09
4/6/2012,53.38,28.84,10.94,32.18
4/7/2012,33.85,25.54,14.04,25.25
4/8/2012,22.18,18.85,9.44,21
4/9/2012,34.13,28.95,11.81,16.17
4/10/2012,40.17,36.7,17.72,17.91
4/11/2012,28.33,27.99,15.72,12.75
4/12/2012,26.7,26.36,13.79,7.08
4/13/2012,30.65,25.66,12.82,8.92
4/14/2012,38.6,22.62,11.59,6
4/15/2012,56.3,21.13,10.56,6.25
4/16/2012,26.75,29.58,14.62,8
4/17/2012,34.17,21.93,11.73,6.1
4/18/2012,51.24,20.15,10.17,10.9
4/19/2012,41.73,40.15,19.05,19.45
4/20/2012,31.2,47.79,14.31,24.33
4/21/2012,23.1,32.73,14.36,13.25
4/22/2012,24.07,31.45,15.47,13.75
4/23/2012,36.7,27.47,12.03,13.9
4/24/2012,25.87,25.68,11.96,10.8
4/25/2012,25.12,29.7,11.34,11.4
4/26/2012,31.5,38.74,19.12,16.73
4/27/2012,30.08,35.18,17.16,15.9
4/28/2012,31.32,38.85,10.4,10.4
4/29/2012,35.5,33.68,6.74,10.91
4/30/2012,35.3,35.77,9.61,7.45
5/1/2012,30.57,28.67,9.86,6.18
5/2/2012,35.07,42.08,16.41,14.67
5/3/2012,38.1,43.26,24.85,12.82
5/4/2012,27.45,54.04,14.71,14.33
5/5/2012,31.03,49.13,17.84,11.33
5/6/2012,22.81,36.58,17.29,8.67
5/7/2012,24.29,33.18,13.18,9.5
5/8/2012,17.79,27.28,11.14,7.83
5/9/2012,25.61,42.23,12.67,12.15
5/10/2012,33.19,51.94,14.96,13.08
5/11/2012,37.19,54.01,15.25,19.54
5/12/2012,47.67,49.9,18.22,20.08
5/13/2012,19.57,21.18,11.02,6.92
5/14/2012,18.99,32.79,10.88,10.92
5/15/2012,16.8,29.41,10.94,11.38
5/16/2012,25.14,36.21,12.02,11.85
5/17/2012,23.93,36.05,11.28,12.54
5/18/2012,27.27,38.98,12.26,17.54
5/19/2012,35.89,51.6,16.04,22.69
5/20/2012,33.45,43.46,14.46,20.38
5/21/2012,32.93,29.43,16.74,18.57
5/22/2012,37.45,31.09,15.16,18.17
5/23/2012,31.97,31,13.86,20.38
5/24/2012,32.67,34.61,13.66,19.23
5/25/2012,31.14,32.76,13.11,18.17
5/26/2012,37.44,34.52,14.34,14.92
5/27/2012,26.54,33.71,13.76,13.33
5/28/2012,25.3,37.42,14.97,14.33
5/29/2012,19.87,27.87,14.78,14.44
5/30/2012,26.63,47.07,16.28,9.36
5/31/2012,30.06,42.97,14.41,10
6/1/2012,25.21,35.51,15.66,14.23
6/2/2012,31.7,35.43,14.25,13.85
6/3/2012,26.99,34.48,16.24,19.31
6/4/2012,66.56,37.37,18.08,11.38
6/5/2012,20.7,35.66,12.31,13.57
6/6/2012,18.29,35.85,13.38,11.36
6/7/2012,30.21,48.09,20.68,14.29
6/8/2012,35.74,47.46,21.23,13.53
6/9/2012,87.99,48.17,16.62,15.8
6/10/2012,121.59,29.19,12.7,7.93
6/11/2012,50.36,35.08,13.74,13.47
6/12/2012,28.09,33.76,11.93,11.07
6/13/2012,24.26,29.48,11.96,11.47
6/14/2012,23.06,36.17,12.08,11.13
6/15/2012,32.81,46.46,14.55,16.33
6/16/2012,36.49,44.49,13.05,17.2
6/17/2012,39.66,29.17,11.31,12.07
6/18/2012,30.84,31.96,11.51,13.2
6/19/2012,28.7,33.66,11.96,15.87
6/20/2012,34.33,37.01,11.69,16.73
6/21/2012,46.68,34.27,10.25,14.47
6/22/2012,57.4,36.83,10.33,17.6
6/23/2012,42.08,30.73,10.69,13.71
6/24/2012,36.5,32.1,11.11,14.29
6/25/2012,59.7,31.34,11.25,14.07
6/26/2012,19.38,30.28,10.19,9.5
6/27/2012,32.68,40.9,11.07,14.86
6/28/2012,43.1,46.67,21.27,14.07
6/29/2012,45.85,43.39,15.75,14.73
6/30/2012,57.95,33.62,15.31,12.93
7/1/2012,58.21,29.83,13.21,13.73
7/2/2012,46.36,23.06,12.15,13.47
7/3/2012,31.34,26.9,10.72,15.2
7/4/2012,48.49,49.89,14.08,23.73
7/5/2012,66.87,70.08,17.88,24.07
7/6/2012,54.73,51.54,13.2,23.27
7/7/2012,59.78,52.14,16.47,19.33
7/8/2012,69.53,50.07,17.43,24
7/9/2012,53.9,52.97,16.84,20.93
7/10/2012,45.7,47.41,12.37,18.67
7/11/2012,51.71,49.88,16.02,24.67
7/12/2012,38.59,37.82,10.52,16.43
7/13/2012,41.59,44.56,14.86,21.93
7/14/2012,38.31,35.76,18.61,18.57
7/15/2012,44.66,25.76,12.11,16.86
7/16/2012,18.04,24.19,9.49,16
7/17/2012,25.87,32.31,9.26,18.85
7/18/2012,28.86,45.28,10.14,24.08
7/19/2012,26.91,40.66,15.18,22.92
7/20/2012,37.96,44.87,13.75,21.15
7/21/2012,28.18,34.39,11.23,20.54
7/22/2012,22.38,17.75,9.05,16.75
7/23/2012,15.97,27.73,9.79,20.64
7/24/2012,31.95,29.78,12.19,19.5
7/25/2012,71.32,33.11,11.12,20.33
7/26/2012,38.95,33.03,9.34,19.33
7/27/2012,27.45,35.31,9.3,19.42
7/28/2012,29.1,34.91,13.34,19.75
7/29/2012,40.04,27.76,11.48,19.67
7/30/2012,26.1,39.46,9.86,19.92
7/31/2012,23.75,34.51,10.12,22.07
8/1/2012,25.18,45.29,10.3,19.62
8/2/2012,31.54,45.83,12.45,18.58
8/3/2012,59.08,52.11,17.39,19.42
8/4/2012,60.9,47.79,16.15,15.83
8/5/2012,60.23,38,13.16,13.33
8/6/2012,65.72,47.35,18.19,12.33
8/7/2012,47.08,39.64,13.08,13.25
8/8/2012,47.03,34.48,10.62,9.58
8/9/2012,25.16,31.18,10.72,12.25
8/10/2012,31.54,33.1,10.68,12.85
8/11/2012,26.24,27.72,9.97,12.08
8/12/2012,17.61,28.1,10.2,11
8/13/2012,27.04,41.69,11.64,14.62
8/14/2012,32.91,45.38,10.74,16.08
8/15/2012,31.53,45.71,11.54,12.54
8/16/2012,39.82,53,12.29,15
8/17/2012,37.08,43.76,8.7,15.15
8/18/2012,38.8,35.58,9.66,13.77
8/19/2012,34.64,38.33,9.73,14.62
8/20/2012,39.16,55.06,11.95,14.85
8/21/2012,57.2,66.45,18.06,16.93
8/22/2012,72.48,70.29,23.15,15.21
8/23/2012,66.85,68.86,17.53,14.64
8/24/2012,95.5,75.55,19.28,15.4
8/25/2012,67.82,57.64,16.42,13.2
8/26/2012,74.28,40.63,12.61,14.13
8/27/2012,19.88,26.09,9.21,13.53
8/28/2012,24.1,38.18,10.85,12.2
8/29/2012,37.07,58.68,11.65,12.47
8/30/2012,45.33,65.43,13.32,12.33
8/31/2012,50.88,42.62,13.25,13.53
9/1/2012,29.86,30.61,14.16,11.87
9/2/2012,25.7,26.01,12.67,11
9/3/2012,39.31,32.12,12.73,10.27
9/4/2012,48.25,39.62,12.88,9.93
9/5/2012,69.33,58.68,13.23,11.87
9/6/2012,63.33,43.28,11.25,10.47
9/7/2012,39.69,42.39,10.53,10.21
9/8/2012,55.17,46.04,11.26,11.14
9/9/2012,41.76,47.8,11.1,10.79
9/10/2012,40.54,35.04,12.78,9.86
9/11/2012,35.16,29.18,10.86,12.46
9/12/2012,38.74,30.66,12.06,9.54
9/13/2012,31.84,30.09,10.94,9.23
9/14/2012,35.49,33.17,11.24,8.86
9/15/2012,34.23,33.26,10.05,7.43
9/16/2012,58.54,30.2,10.83,8.86
9/17/2012,33.77,35.03,9.27,8.31
9/18/2012,27.83,30.58,12.18,9.08
9/19/2012,49.64,35,12.43,8.15
9/20/2012,10.95,31.49,9.37,8.77
9/21/2012,20.83,44.82,10.93,10.92
9/22/2012,33.5,58.9,16.16,10.31
9/23/2012,58.24,51.71,20.5,10.38
9/24/2012,49.03,54.61,17.85,9.62
9/25/2012,79.33,52.31,12.65,9.93
9/26/2012,85.78,62.14,19.33,9.29
9/27/2012,47,63.49,13.87,9.14
9/28/2012,79.73,47.41,10.92,9.23
9/29/2012,57.38,49.15,14.04,8.54
9/30/2012,92.98,49.76,12.69,9.62
10/1/2012,26.12,49.75,9.47,18.25
10/2/2012,31.47,36.86,12.26,21.57
10/3/2012,43,39.59,8.53,22.57
10/4/2012,35.18,50.96,8.49,30.71
10/5/2012,44.78,55.01,8.44,30.14
10/6/2012,63.84,65.15,12.54,36.29
10/7/2012,43.53,52.78,11.76,26.14
10/8/2012,45.25,37.29,11.18,19.23
10/9/2012,62.8,53.55,9.79,26.4
10/10/2012,64.19,46.29,12.18,25.5
10/11/2012,47.83,38.16,11.19,22.07
10/12/2012,63.73,40.08,11.58,23.29
10/13/2012,65.94,35.96,10.41,20.64
10/14/2012,60.89,29.79,13.21,20.93
10/15/2012,38.93,38.16,12.77,25.21
10/16/2012,24.66,34.03,9.4,18.29
10/17/2012,34.13,42.09,12.17,22.2
10/18/2012,43.14,36.85,11.99,23.47
10/19/2012,54.2,57.38,14.16,28.87
10/20/2012,66.64,50.78,12.62,30.47
10/21/2012,32.73,24.04,10.59,19.27
10/22/2012,61.18,51.63,12.26,31.73
10/23/2012,102.6,47.01,12.28,33.07
10/24/2012,93.05,31.27,9.95,26.07
10/25/2012,96.53,34.92,18.46,27.29
10/26/2012,89.41,38.77,17.68,30.36
10/27/2012,40.13,23.64,10.48,19.64
10/28/2012,25.79,19.14,7.47,19.64
10/29/2012,28.43,24,8.05,20.85
10/30/2012,42.6,34.72,12.07,29.85
10/31/2012,56.57,36.85,14.84,32.15
11/1/2012,29.82,24.1,10.96,24.85
11/2/2012,52.91,54.62,19.72,32.08
11/3/2012,51.03,44.94,12.28,25.5
11/4/2012,55.12,45.38,14.5,30
11/5/2012,28.77,23.75,9.69,18
11/6/2012,36.06,34.47,10.18,22.85
11/7/2012,27.15,36.54,10.2,24.54
11/8/2012,48.85,44.27,17.94,27.54
11/9/2012,66.96,46.25,14.84,35.93
11/10/2012,56.93,29.7,13.19,23.23
11/11/2012,32.9,23.1,11.27,21.77
11/12/2012,95.65,48.67,16.97,38.77
11/13/2012,87.48,35.36,12.73,30.57
11/14/2012,34.81,31.61,10.74,20.79
11/15/2012,25.81,29.88,9.99,18.64
11/16/2012,63.32,34.98,14.8,23.15
11/17/2012,41.86,30.15,18.44,16.92
11/18/2012,39.39,23.82,14.16,17.08
11/19/2012,39.44,29.29,13.9,20.77
11/20/2012,22.13,29.88,12.92,18.08
11/21/2012,24.61,26.5,11.41,21
11/22/2012,59.12,33.63,18.7,22.62
11/23/2012,52.02,34,18.64,28.15
11/24/2012,146.87,47.45,21.15,45
11/25/2012,172.58,48.18,19.85,55.23
11/26/2012,125.02,59.35,25.39,47.42
11/27/2012,75.65,54.17,21.85,39.08
11/28/2012,49.41,35.1,18.04,29
11/29/2012,20.41,34.18,12.5,21.17
11/30/2012,27.58,28.03,10.17,21.25
12/1/2012,44.66,26.16,12.48,18.09
12/2/2012,58.08,28.45,15.7,15.36
12/3/2012,22.85,25.28,11.23,15.18
12/4/2012,35.84,35.95,15.94,22.18
12/5/2012,36.74,32.35,13.18,23.64
12/6/2012,56.71,30.99,12.88,23.91
12/7/2012,50.59,32.59,15.78,22.82
12/8/2012,40.13,24.67,16.77,19.55
12/9/2012,56.29,28.97,17.63,21.09
12/10/2012,159.66,63.38,38.95,34.64
12/11/2012,138.25,45.34,31.44,23.91
12/12/2012,51.73,37.18,25.34,17.64
12/13/2012,100.58,54.73,33.53,23.36
12/14/2012,52.58,34.31,27.47,12.91
12/15/2012,42.07,27.77,22.89,10.45
12/16/2012,118.17,42.4,22.06,19.64
12/17/2012,77.17,30.66,30.88,8.36
12/18/2012,23.28,26.53,30.24,8.42
12/19/2012,37.99,36.67,28.41,17.85
12/20/2012,74.31,38.27,18.22,18.69
12/21/2012,122.02,44.84,24.48,30.08
12/22/2012,90.2,34.05,21.75,20
12/23/2012,102.05,41.9,32.95,22.08
12/24/2012,168.75,81.88,40.53,30.92
12/25/2012,272.55,100.21,48.34,46.62
12/26/2012,277.25,92.82,49.87,48.08
12/27/2012,37.19,57.71,30.58,27.23
12/28/2012,68.39,47.6,24.75,28.54
12/29/2012,41.11,41.51,23.47,22
12/30/2012,62.55,42.37,21.97,23.15
12/31/2012,116.55,42.79,21.5,24.77
1/1/2013,99.49,42.02,25.51,32.99
1/2/2013,131.54,52.04,28.64,38.22
1/3/2013,97.46,44.77,28.46,37.82
1/4/2013,50.96,30.91,26.24,26.28
1/5/2013,23.56,23.28,14.78,18.46
1/6/2013,31.46,20.98,14.49,18.39
1/7/2013,18.68,15.54,13.65,16.2
1/8/2013,46.2,29.98,18.27,24.04
1/9/2013,112.68,39.36,22.47,23.51
1/10/2013,121.79,43.85,30.06,31.37
1/11/2013,90.59,37.15,25.29,30.19
1/12/2013,38.34,30.66,19.29,20.33
1/13/2013,50.2,26.46,22.53,18.82
1/14/2013,32.93,21.64,19.55,16.09
1/15/2013,33.68,29.83,17.58,17.39
1/16/2013,63.5,36.4,19.72,22.39
1/17/2013,59.38,31.59,24.91,20.68
1/18/2013,34.18,27.67,16.04,18.26
1/19/2013,59.93,29.54,22.45,23.87
1/20/2013,52.4,31.22,20.94,19.67
1/21/2013,33.76,25.38,17.73,15.79
1/22/2013,39.93,26.66,15.76,19.53
1/23/2013,58.76,34.92,17.08,20.28
1/24/2013,45.16,29.79,20.26,15.88
1/25/2013,56.1,27.81,14.06,16.39
1/26/2013,78.56,27.19,15.64,21.07
1/27/2013,85.79,30.01,23.88,20.16
1/28/2013,100.43,43.86,27.39,23.25
1/29/2013,79.28,40.64,22.51,21.73
1/30/2013,103.65,46.18,30.95,25.75
1/31/2013,67.48,41.43,27.04,22.52
2/1/2013,60.25,36.18,25.88,21.25
2/2/2013,34.88,26.9,19.96,17.34
2/3/2013,21.56,23.01,13.21,18.81
2/4/2013,49.98,36.71,23.93,20.82
2/5/2013,76.6,42.06,25.88,25.01
2/6/2013,54.64,37.25,23.47,21.74
2/7/2013,34.86,24.44,17.16,20.69
2/8/2013,52.81,25.15,18.46,20.59
2/9/2013,65.89,23.09,17.37,16.69
2/10/2013,61.24,22.38,16.43,16.76
2/11/2013,89.79,35.88,32.41,19.03
2/12/2013,38.59,23.77,27.06,16.76
2/13/2013,35.36,21.89,20.19,12.95
2/14/2013,58.81,24,17.51,13.64
2/15/2013,81.76,22.82,23.95,14.64
2/16/2013,102.42,23.01,19.13,17.91
2/17/2013,93,24.72,18.7,15.85
2/18/2013,71.06,26.12,22.48,12.56
2/19/2013,78.61,26.42,18.66,15.68
2/20/2013,101.58,30.94,24.8,14.07
2/21/2013,45.74,28.56,15.67,12.88
2/22/2013,64.19,36.02,19.04,18.09
2/23/2013,79.51,22.02,15.52,12.26
2/24/2013,16.21,13.88,11.65,12.05
2/25/2013,17.65,19.53,14.22,11.58
2/26/2013,23.05,22.79,13.39,15.74
2/27/2013,32.75,28.06,15.19,23.7
2/28/2013,93.7,40.17,25.62,37.24
3/1/2013,128.3,42.33,31.83,31.71
3/2/2013,63.58,36.59,18.74,30.93
3/3/2013,110,42.93,29.96,32.57
3/4/2013,76.8,40.46,21.14,30.73
3/5/2013,70.16,36.03,21.94,30.07
3/6/2013,56,27.57,18.22,19.67
3/7/2013,38.2,32.37,16.17,19
3/8/2013,67.23,48.09,22.91,22
3/9/2013,49.14,42.12,20.07,23.27
3/10/2013,39.56,36.83,17.37,18.33
3/11/2013,64.7,38.94,14.84,21.2
3/12/2013,38.3,38.27,15.97,15.47
3/13/2013,34.1,35.76,15.12,14.93
3/14/2013,30.16,28.02,14.3,12.69
3/15/2013,43.58,25.87,14.76,11
3/16/2013,49.33,28.05,17.48,10.43
3/17/2013,50.08,32.73,23.21,12.64
3/18/2013,40.6,21.62,17.46,13.57
3/19/2013,29.21,32.94,14.83,12.93
3/20/2013,37.56,35.48,16.07,12.53
3/21/2013,33.63,26.83,12.51,10.8
3/22/2013,39.37,22.98,12.77,13.47
3/23/2013,48.96,23.5,13.09,14.73
3/24/2013,38.2,21.4,14.18,12.67
3/25/2013,42.97,20.03,14.01,14.4
3/26/2013,36.9,29.42,13.81,22.57
3/27/2013,47.65,31.11,14.62,25.67
3/28/2013,35.36,22.46,16.16,23.6
3/29/2013,21.35,18.14,13.56,20.07
3/30/2013,36.33,23.16,14.08,24.53
3/31/2013,38.41,21.07,11.62,21.07
4/1/2013,48.76,30.74,14.73,22.4
4/2/2013,54.2,28.61,17.72,20.87
4/3/2013,29.43,24.48,16.17,20.73
4/4/2013,44.44,28.62,16.74,19
4/5/2013,44.62,27.16,16.07,20.2
4/6/2013,33.73,24.43,11.97,19
4/7/2013,36.77,21.08,10.77,17.67
4/8/2013,31.41,28.92,14.15,17.79
4/9/2013,21.31,27.88,15.05,19.38
4/10/2013,35.68,33.86,13.43,20.93
4/11/2013,30.09,36.6,16.12,20.79
4/12/2013,28.09,37.61,17.55,19.79
4/13/2013,27,36.36,12.14,20.64
4/14/2013,26.43,33.47,11.52,20.43
4/15/2013,25.49,33.89,11.36,18.21
4/16/2013,51.7,45.15,14.62,20.67
4/17/2013,45.13,45.27,13.02,19.67
4/18/2013,43.29,42.96,14.71,19.2
4/19/2013,46.03,41.03,12.73,18.21
4/20/2013,53.54,46.74,13.76,17.79
4/21/2013,55.32,44.49,16.28,20.14
4/22/2013,41.23,28.42,12.56,20.57
4/23/2013,32.13,43.01,12.98,21.93
4/24/2013,36.78,55.08,15.71,24.87
4/25/2013,42.64,56.94,15.8,24.67
4/26/2013,47.81,56.84,15.46,27.67
4/27/2013,33.96,38.09,13.05,23.27
4/28/2013,34.91,34.44,14.23,22.07
4/29/2013,47.73,52.08,16.21,26.07
4/30/2013,63.87,46.9,18.03,25.21
5/1/2013,56.36,33.26,16.17,22.71
5/2/2013,50.74,28.26,13.91,20.92
5/3/2013,39.74,28.73,15.08,18.67
5/4/2013,42.24,34.67,12.93,22
5/5/2013,38.26,28.33,11.56,21.5
5/6/2013,33.8,22.16,11.91,21.08
5/7/2013,43.03,32.67,12.1,32.91
5/8/2013,29.36,30.99,12.21,23.97
5/9/2013,33.65,30.16,11.52,19.67
5/10/2013,24.03,38.3,12.77,21
5/11/2013,30.53,33.19,12.44,19.13
5/12/2013,22.96,22.56,10.22,19.33
5/13/2013,23.76,25.67,10.04,18.38
5/14/2013,24.93,30.46,10.88,19.31
5/15/2013,29.91,39.25,12.55,19.06
5/16/2013,22.16,35.04,12.07,19.19
5/17/2013,25.9,31.57,12.96,19.5
5/18/2013,21.64,34.27,15.05,20
5/19/2013,44.06,32.49,9.78,21.31
5/20/2013,24.55,32.39,11.62,20.13
5/21/2013,22.03,30.34,13.29,20.56
5/22/2013,17.36,24.06,12.15,20.07
5/23/2013,16.25,26.81,11.19,19.2
5/24/2013,22.51,26.01,12.81,20.73
5/25/2013,15.78,25.9,8.93,20.67
5/26/2013,21.61,24.94,13.63,20.13
5/27/2013,14.8,27.21,15.96,19.4
5/28/2013,16.09,30.86,17.85,25.47
5/29/2013,36.79,29.75,13.54,22.2
5/30/2013,33.49,35.14,12.67,24.2
5/31/2013,24.29,33.95,14.64,25.27
6/1/2013,15.25,32.86,14.58,22.4
6/2/2013,19.49,28.92,11.95,22
6/3/2013,20.49,24.25,11.21,18.67
6/4/2013,11.9,25.26,11.39,12.43
6/5/2013,20.49,27.63,11.06,14.07
6/6/2013,37.54,30.89,11.94,15.47
6/7/2013,33.76,28.24,11.54,13.33
6/8/2013,32.57,27.07,11.74,13.07
6/9/2013,34.89,26.56,13.85,14.93
6/10/2013,29.47,29.14,13.91,16.21
6/11/2013,23.03,29.18,15.56,13.57
6/12/2013,27.74,25.35,11.38,11.36
6/13/2013,26.43,29.23,9.7,14.6
6/14/2013,29.18,32.66,8.39,16.14
6/15/2013,29.81,35.86,11.12,15.64
6/16/2013,32.54,35.98,9.9,16.5
6/17/2013,32.18,43.18,9.99,17
6/18/2013,39.81,49.28,13.92,18.81
6/19/2013,41.08,50.81,11.41,19
6/20/2013,41.2,35.44,12.08,17.13
6/21/2013,45.38,33.22,11.42,18.25
6/22/2013,52.24,31.97,10.26,20.75
6/23/2013,30.81,28.15,10.89,18.44
6/24/2013,30.7,27.17,8.52,21.47
6/25/2013,17.06,26.41,5.94,21.6
6/26/2013,13.16,24.93,6.5,20
6/27/2013,18.9,27.41,7.56,21.06
6/28/2013,25.75,32.73,9.48,21.81
6/29/2013,26.3,32.19,6.99,23.75
6/30/2013,21.01,21.05,7.24,21.5
7/1/2013,20.31,24.09,8.31,21.57
7/2/2013,27.54,30.22,8.3,22.21
7/3/2013,35.61,36.52,18.14,25.2
7/4/2013,39.56,38.04,18.15,26
7/5/2013,36.21,35,13.44,27.13
7/6/2013,33.31,28.52,12.99,24.31
7/7/2013,36.16,22.94,14.55,22.69
7/8/2013,35.05,25.9,11.65,23.5
7/9/2013,33.05,22.69,9.31,22.75
7/10/2013,29.05,23.29,10.05,22.93
7/11/2013,31.13,24.29,11.25,22.4
7/12/2013,21.53,27.49,9.04,22.29
7/13/2013,21.96,25.74,8.44,22.79
7/14/2013,22.91,22.99,8.1,23.79
7/15/2013,27.59,21.77,8.53,24.14
7/16/2013,30.34,20.31,7.09,21.87
7/17/2013,24.83,27.2,9.65,25
7/18/2013,31.06,33.97,10.24,30.44
7/19/2013,32.48,35.76,14.9,28.38
7/20/2013,34.34,31.22,11.23,25.88
7/21/2013,18.35,20.25,7.98,21.75
7/22/2013,20.97,30.19,9.89,25.63
7/23/2013,26.53,33.68,12.88,28.44
7/24/2013,29.38,38.96,13.49,28.13
7/25/2013,41.84,44.57,11.9,31.13
7/26/2013,38.96,39.68,9.35,32.56
7/27/2013,34.28,40.39,10.95,29.88
7/28/2013,32.25,40.69,11.05,33.31
7/29/2013,50.51,42.52,19.24,34.44
7/30/2013,28.96,30.71,9.89,27.88
7/31/2013,23.38,29.24,9.99,24.2
8/1/2013,47.81,35.48,9.57,21.46
8/2/2013,34.69,44.54,11.31,22.45
8/3/2013,36.96,47.58,13.49,25.31
8/4/2013,38.13,41.45,12.11,22.97
8/5/2013,32.01,46.22,9.46,22.07
8/6/2013,39.31,56.44,10.67,27.61
8/7/2013,42.34,51.5,11.55,23.09
8/8/2013,37.34,41.57,9.73,20.46
8/9/2013,29.24,34.56,10.28,19.19
8/10/2013,38.9,31.61,14.34,18.44
8/11/2013,21.85,32.84,10.49,17.77
8/12/2013,30.65,44.07,9.07,21.9
8/13/2013,38.92,46.6,14.34,23.01
8/14/2013,20.58,31.68,6.87,17.69
8/15/2013,87.13,35.53,7.33,19.28
8/16/2013,32.72,42.02,11.6,21.27
8/17/2013,36.62,39.19,11.29,20.51
8/18/2013,55.18,47.21,18.2,21.55
8/19/2013,41.76,40.77,12.48,19.32
8/20/2013,38.58,37.37,12.38,17.38
8/21/2013,42.5,32.51,8.85,18.09
8/22/2013,58.52,32.69,12.15,20.55
8/23/2013,92.39,32.73,9.45,20.08
8/24/2013,39.18,31.29,13.16,19.2
8/25/2013,32.2,30.29,10.29,19.52
8/26/2013,41.3,35.34,10.58,19.28
8/27/2013,45.37,35.21,8.71,20.91
8/28/2013,48.53,33.89,12.54,19.86
8/29/2013,26.12,34.56,8.05,19.82
8/30/2013,146.8,38.87,9.58,21.67
8/31/2013,273.77,41.54,8.9,25.36
9/1/2013,36.86,33.48,12.99,23.4
9/2/2013,30.63,31.46,10.16,19.07
9/3/2013,18.54,31.85,9.38,21.15
9/4/2013,31.68,39.18,14.54,19.6
9/5/2013,30.04,52.8,13.12,26.8
9/6/2013,29.88,53.48,12.6,19.5
9/7/2013,30.23,52.35,11.55,18.93
9/8/2013,28.15,58.42,15.63,20.57
9/9/2013,41.56,57.27,12.71,20.44
9/10/2013,44.21,44.53,13.18,16.06
9/11/2013,37.35,36.93,10.92,12.69
9/12/2013,31.05,33.42,9.86,13.2
9/13/2013,21.61,27.83,11.24,9.69
9/14/2013,12.58,32.29,11.46,10.44
9/15/2013,25.41,42.14,15.64,15
9/16/2013,29.43,43,16.91,16
9/17/2013,16.5,30.56,10.62,10.13
9/18/2013,16.31,33.45,13.76,10.93
9/19/2013,16.17,34.97,11.42,12.56
9/20/2013,23.06,36.88,12.38,13.63
9/21/2013,20.75,32.49,10.4,12.63
9/22/2013,22.54,29.55,10.3,11.06
9/23/2013,22.81,28.88,10.77,12.75
9/24/2013,23.64,31,11.09,11.44
9/25/2013,40.34,49.51,15.75,23.75
9/26/2013,42.39,50.09,14.49,23
9/27/2013,29.81,33.59,10.23,18.6
9/28/2013,42.98,30.58,11.98,19.87
9/29/2013,45.48,25.37,11.42,18.33
9/30/2013,17.25,21.24,9.91,19.69
10/1/2013,35.29,23.28,9,17.12
10/2/2013,35.88,20.3,8.01,13.36
10/3/2013,30.08,25.82,9.56,13.06
10/4/2013,53.6,32.08,12.34,19.19
10/5/2013,56.44,31.47,11.1,16.48
10/6/2013,55.94,26.09,12.08,12.38
10/7/2013,64.07,34.84,16.27,16.99
10/8/2013,46.32,29.34,11.25,15.95
10/9/2013,50.82,26.71,11.08,17.87
10/10/2013,56.67,35.52,13.11,21.81
10/11/2013,29.93,33.74,10.15,21.36
10/12/2013,37.76,31.88,10.19,18
10/13/2013,34.71,29.12,12.32,17.01
10/14/2013,70.31,40.4,14.61,21.36
10/15/2013,68.1,37.8,16.12,20.11
10/16/2013,29.3,31.3,12.97,17.92
10/17/2013,28.95,23.58,11.15,13.47
10/18/2013,32.35,29.3,11.51,15.48
10/19/2013,33.74,32.56,13.73,14.86
10/20/2013,29.46,37.62,15.7,16.28
10/21/2013,49.68,41.52,14.91,19.31
10/22/2013,53.24,46.1,15.33,18.16
10/23/2013,40.21,28.71,13.06,12.75
10/24/2013,45.89,28.67,16.11,11.22
10/25/2013,107.56,45.85,18.74,18.19
10/26/2013,116.91,49.49,18.06,21.21
10/27/2013,110.11,48.18,16.93,23.08
10/28/2013,73.8,41.78,17.01,14.93
10/29/2013,64.19,47.12,17.56,18.17
10/30/2013,55.53,36.26,12.58,14.75
10/31/2013,57.51,35.59,13.12,15.06
11/1/2013,55.83,30.63,13.73,12.14
11/2/2013,53.56,39.85,16.31,13.57
11/3/2013,35.03,33.97,14.48,13.14
11/4/2013,19.36,30.57,12.23,10.5
11/5/2013,29.07,27.73,11.99,9.93
11/6/2013,32.68,36.09,15.85,13
11/7/2013,48.95,44.18,18.42,16.29
11/8/2013,59.19,49.31,18.19,24.4
11/9/2013,49.08,45.18,13.75,21.33
11/10/2013,43.43,28.16,13.75,12.73
11/11/2013,38.77,25.34,12.53,10.27
11/12/2013,35.31,26.82,10.03,14.87
11/13/2013,53.57,25.44,13.59,12.73
11/14/2013,53.84,25.79,11.19,13.33
11/15/2013,24.08,23.26,11.46,13
11/16/2013,52.4,30.14,13.39,15.27
11/17/2013,96.94,33.06,18.95,17.8
11/18/2013,68.84,27.88,17.06,15.4
11/19/2013,29.66,20.69,16.55,14.57
11/20/2013,26.73,24.43,13.71,17.07
11/21/2013,43.83,35.26,13.19,19.47
11/22/2013,36.81,37.09,14.23,27
11/23/2013,20.02,18.69,14.86,16.87
11/24/2013,42.43,27.86,11.6,19.87
11/25/2013,19.21,24.29,13.96,17.93
11/26/2013,25.14,26.31,9.91,18.13
11/27/2013,40.31,29.13,11.7,19.07
11/28/2013,66.19,32.65,21.52,22.43
11/29/2013,71.93,42.46,25.62,26.29
11/30/2013,93.09,47.79,23.69,31.21
12/1/2013,142.31,35.52,20.09,33.6
12/2/2013,93.93,26.39,18.29,23.13
12/3/2013,87.24,32.42,19.85,22.86
12/4/2013,95.46,37.11,21.16,23.79
12/5/2013,93.27,33.83,22.94,22.86
12/6/2013,63.4,37.81,21.72,23.71
12/7/2013,36.21,32.96,20.24,20
12/8/2013,76.21,42.22,25.61,22
12/9/2013,67.81,44.58,23.84,24.36
12/10/2013,36.27,32.45,14.96,22.79
12/11/2013,98.01,38.95,22.61,30.07
12/12/2013,155.05,46.75,23.61,40
12/13/2013,151.51,66.77,26.79,43.4
12/14/2013,105.39,38.17,17.7,34.67
12/15/2013,76.98,27.68,17.55,32
12/16/2013,105.38,29.04,19.11,32.87
12/17/2013,69.86,26.52,31.24,28.2
12/18/2013,68.63,31.13,22.91,31.2
12/19/2013,86.21,33.04,29.01,39.53
12/20/2013,157.74,51.19,27.32,53.4
12/21/2013,137.59,39.04,21.52,38.87
12/22/2013,130.6,46.96,22.35,49.2
12/23/2013,183.91,58.63,37.45,87.21
12/24/2013,113.72,48.38,25.74,45.6
12/25/2013,52.64,31.5,20.86,21.33
12/26/2013,29.48,22.09,16.24,17.43
12/27/2013,38.43,25.67,17.21,16.6
12/28/2013,63.87,34.26,20.48,20.8
12/29/2013,108.07,38.42,17.85,27.53
12/30/2013,88.69,31.09,14.02,26.73
12/31/2013,51.62,26.76,17.81,19.33
1/1/2014,37.42,21.64,16.82,11.12
1/2/2014,53.8,25.08,18.63,14.8
1/3/2014,113.18,48.86,27.61,32
1/4/2014,91.8,44.39,26.97,33.57
1/5/2014,29.45,24.71,16.65,12.03
1/6/2014,51.61,24.28,15.63,11.52
1/7/2014,64.73,26.33,17.46,13.75
1/8/2014,53.01,29.84,19.98,16.61
1/9/2014,64.26,35.83,20.76,22.86
1/10/2014,69.57,37.61,20.4,25.15
1/11/2014,77.9,45.28,29.2,30.28
1/12/2014,85.11,40.72,23.75,28.31
1/13/2014,92.84,47.5,26.76,29.51
1/14/2014,61.54,28.95,21.43,17.72
1/15/2014,41.68,26.68,18.32,12.85
1/16/2014,58.39,36.72,21.83,17.27
1/17/2014,66.06,45.4,28.01,23.9
1/18/2014,51.72,39.71,27.04,9.44
1/19/2014,29.13,20.84,23.41,9.34
1/20/2014,37.48,27.52,27.88,10.49
1/21/2014,32.2,25.71,22.92,12.97
1/22/2014,28.51,24.58,28.18,14.75
1/23/2014,49.97,28.37,16.55,20.55
1/24/2014,30.9,24.99,13.03,15.81
1/25/2014,38.14,25.3,12.93,13.96
1/26/2014,63.11,25.04,14.32,18.33
1/27/2014,102.01,38.37,22.97,31.04
1/28/2014,124.05,34.84,28.44,25.15
1/29/2014,118.11,32.83,23.56,22.8
1/30/2014,46.28,23.25,18.5,21.49
1/31/2014,34.71,17.22,15.84,19.01
2/1/2014,26.93,15.6,16.23,14.46
2/2/2014,25.22,15.07,12.77,13.25
2/3/2014,20.43,19,13.66,8
2/4/2014,26.48,21.5,15.19,11.23
2/5/2014,36.02,23.1,20.46,12.66
2/6/2014,62.14,37.77,24.86,17.18
2/7/2014,74.66,45.56,22.26,20.01
2/8/2014,58.86,43.78,20.15,17.63
2/9/2014,39.51,37.02,16.98,15.54
2/10/2014,18.64,32.87,18.55,12.31
2/11/2014,33.64,35.08,16.93,14.41
2/12/2014,27.41,25.38,15.83,11.06
2/13/2014,34.59,30.91,21.56,13.48
2/14/2014,39.39,33.51,14.47,13.35
2/15/2014,48.14,32.4,13.06,12.12
2/16/2014,41.99,39.67,14.82,12.41
2/17/2014,50.75,33.19,15.34,11.73
2/18/2014,81.09,40.34,19.67,15.07
2/19/2014,64.9,39.49,18.2,17.48
2/20/2014,61.97,30.55,15.2,15.53
2/21/2014,58.12,26.03,20.37,15
2/22/2014,63.01,26.3,16.11,14.59
2/23/2014,27.26,21.82,14.84,14.3
2/24/2014,33.12,26.48,16.51,19.37
2/25/2014,33.65,25.92,16.61,19.57
2/26/2014,53.54,35.01,26.49,25.16
2/27/2014,88.53,49.73,38.03,32.07
2/28/2014,63.55,40.27,20.65,28.32
3/1/2014,37.99,18.78,12.57,17.79
3/2/2014,24.91,18.13,13.35,17.81
3/3/2014,15.85,15.19,13.45,17.73
3/4/2014,13.6,16.56,13.71,16.75
3/5/2014,34.33,25.17,13.03,16.48
3/6/2014,53.81,25.25,11.19,15.53
3/7/2014,41.53,27.03,11.57,17.22
3/8/2014,47.8,27.65,11.33,16.73
3/9/2014,45.86,22.51,12.66,14.41
3/10/2014,40.8,30.1,13.48,14.93
3/11/2014,65.1,41.24,17.81,18.04
3/12/2014,64.02,39.77,17.05,15.66
3/13/2014,78.05,55.74,19.84,21.17
3/14/2014,96.04,62.06,22.08,29.04
3/15/2014,90.25,45.76,24.01,22.45
3/16/2014,20.54,24.26,16.84,10.93
3/17/2014,31.13,42.32,16.1,16.53
3/18/2014,46.29,45.17,14.33,16.56
3/19/2014,44.46,41,14.27,17.19
3/20/2014,47.2,37.74,18.25,21.47
3/21/2014,38,37.13,14.72,20.28
3/22/2014,33.31,43.44,18.42,20.19
3/23/2014,27.17,26.25,14.19,17.44
3/24/2014,22.39,31.14,13.24,19.28
3/25/2014,33.42,33.2,14.59,20.82
3/26/2014,40.84,37.64,15.73,24.1
3/27/2014,23.93,28.17,15.15,16.69
3/28/2014,28.7,33.79,17.16,14.77
3/29/2014,56.92,35.79,16.99,14.99
3/30/2014,69.52,41.78,16.39,23.66
3/31/2014,64.37,45.28,18.27,18.46
4/1/2014,55.97,39.91,12.91,16.85
4/2/2014,58.84,39.72,16.98,18.63
4/3/2014,45.59,30.01,18.52,15.6
4/4/2014,45.66,41.9,15.8,14.28
4/5/2014,63.76,23.64,10.79,12.68
4/6/2014,141.96,18.95,9.61,14.29
4/7/2014,99.97,37.23,14.63,13.5
4/8/2014,61.9,49.52,22.28,17.31
4/9/2014,40.6,40,12.3,11.78
4/10/2014,27.47,35.75,12.3,11.32
4/11/2014,29.99,33.53,12.07,11.6
4/12/2014,35.59,33.32,14.92,10.97
4/13/2014,43.94,39.05,15.29,14.08
4/14/2014,39.52,37.01,15.81,13.81
4/15/2014,26.08,28.72,11.35,10.26
4/16/2014,26.07,28.03,10.13,9.33
4/17/2014,24.71,32.1,10.72,12.27
4/18/2014,42.2,29.42,11.29,12.27
4/19/2014,41.09,30.82,12.67,12.38
4/20/2014,30.09,28.74,12.47,8.89
4/21/2014,27.82,25.52,11.45,10.39
4/22/2014,34,50.05,16.18,13.08
4/23/2014,48.34,51.25,12.12,12.34
4/24/2014,34.86,42.39,10.69,13.1
4/25/2014,32.33,30.43,11.29,13.8
4/26/2014,29.77,24.26,11.51,12.14
4/27/2014,30.25,22.55,12.29,12.11
4/28/2014,32.83,26.4,11.79,14.98
4/29/2014,40.48,32.54,11.75,16.36
4/30/2014,32.2,37.89,11.26,17.12
5/1/2014,36.73,28.82,11.11,14.45
5/2/2014,32.09,28.42,11.88,14.52
5/3/2014,25.7,29.49,10.64,15.14
5/4/2014,25.18,20.93,11.15,15
5/5/2014,36.58,29.13,9.79,15.89
5/6/2014,28.59,36.5,10.36,20.78
5/7/2014,29.78,28.4,11.69,16.61
5/8/2014,34.53,40.1,11.42,21.36
5/9/2014,32.48,42.24,10.59,20.93
5/10/2014,39.77,38.56,10.7,21.71
5/11/2014,29.12,33.33,11.84,20.46
5/12/2014,24.65,30.66,11.91,19.39
5/13/2014,27.2,34.06,10.26,19.79
5/14/2014,28.3,24.79,11.11,17.59
5/15/2014,25.93,27.57,10.72,16.99
5/16/2014,26.44,37.09,8.25,16.45
5/17/2014,19.92,33.91,9.37,15.85
5/18/2014,20.76,36.55,9.59,14.5
5/19/2014,28.68,36.71,9.12,16.74
5/20/2014,24.93,38.75,9.38,16.21
5/21/2014,29.91,41.48,9.03,18.25
5/22/2014,31.62,43.88,12.27,14.22
5/23/2014,33.3,34.73,15.92,10.78
5/24/2014,40.27,35.72,13.48,11.85
5/25/2014,32.33,35.3,11.8,11.46
5/26/2014,35.45,42.09,11.56,18.64
5/27/2014,33.02,35.8,12.35,14.9
5/28/2014,35.52,37.29,12.67,14.79
5/29/2014,31.09,39.68,12.13,16.75
5/30/2014,28.09,29.34,12.54,16.23
5/31/2014,29.16,27.98,11.78,17.46
6/1/2014,14.63,25.87,12.68,17.38
6/2/2014,17.64,31.78,12.22,17.06
6/3/2014,20.23,43.34,11.77,15.91
6/4/2014,31.2,51.28,10.32,16.58
6/5/2014,36.73,56.4,11.01,16.78
6/6/2014,34.84,48.3,10.79,17.79
6/7/2014,27.5,44.68,10.62,16.24
6/8/2014,32.06,42.92,11.04,17.05
6/9/2014,34.75,58.7,11.38,15.7
6/10/2014,40.51,58.15,12.45,15.36
6/11/2014,43.6,54.79,13.75,18.74
6/12/2014,38.88,57.68,12.14,16.31
6/13/2014,36.76,52.12,11.7,17.49
6/14/2014,26.58,43.03,11.36,16.47
6/15/2014,28.07,37.21,12.7,17.06
6/16/2014,30.28,37.67,12.77,15.36
6/17/2014,46.3,42.35,12.51,13.22
6/18/2014,34.26,45.62,12.09,13.01
6/19/2014,33.13,34,13.84,13.28
6/20/2014,39.54,39.46,11.77,11.5
6/21/2014,39.75,33.84,11.1,10.63
6/22/2014,26.52,39.51,11.14,13.43
6/23/2014,51.18,52.71,12.08,15.78
6/24/2014,48.64,42.36,9.81,13.18
6/25/2014,37.13,36.99,8.64,13.14
6/26/2014,30.85,37.66,7.82,12.57
6/27/2014,35.95,46.85,8.76,15.14
6/28/2014,71.05,42.58,9.65,17.94
6/29/2014,46.8,31.29,10.1,14.32
6/30/2014,32.27,36.02,9.37,12.21
7/1/2014,28.35,39.3,4.99,13.01
7/2/2014,43.37,43.69,6.14,17.88
7/3/2014,65.61,45.75,9.46,17.73
7/4/2014,29.43,52.94,8.84,19.65
7/5/2014,32.75,35.04,9.39,16.86
7/6/2014,52.41,47.77,9.84,18.96
7/7/2014,49.38,57.62,9.63,20.49
7/8/2014,41.3,51.48,10.67,16.55
7/9/2014,30.54,45.78,9.81,15.32
7/10/2014,22.72,47.91,9.97,16.28
7/11/2014,19.58,37.82,9.56,15.78
7/12/2014,23.46,38.48,8.84,17.51
7/13/2014,28.05,46.14,9.97,19.08
7/14/2014,190.54,41.23,10.17,17.95
7/15/2014,25.99,37.42,9.72,16.64
7/16/2014,29.04,38.85,9.66,15.8
7/17/2014,45.12,44.21,9.44,17.72
7/18/2014,40.55,42.96,10.26,16.22
7/19/2014,40.48,40.77,9.35,17.18
7/20/2014,31.72,40.83,9.66,16.56
7/21/2014,42.83,47.38,9.68,16.73
7/22/2014,26.34,36.57,7.79,17.09
7/23/2014,41.18,48.8,6.98,15.46
7/24/2014,32.69,50.13,5.77,17.07
7/25/2014,33.48,67.47,6.76,15.29
7/26/2014,39.52,55.43,6.96,15.54
7/27/2014,26.27,44.38,6.53,16.04
7/28/2014,20.98,47.4,6.11,16.72
7/29/2014,31.14,50.26,9.45,14.48
7/30/2014,25.26,37.9,8.25,17.44
7/31/2014,22.13,49.03,6.72,17.34
8/1/2014,31.05,47.15,7.28,17.68
8/2/2014,35.11,43.03,6.53,16.25
8/3/2014,20.64,39.88,6.5,15.41
8/4/2014,25.41,40.49,6.5,14.8
8/5/2014,26.62,38.34,6.43,15.43
8/6/2014,50.81,39.38,10.52,15.9
8/7/2014,31.22,43.08,8.47,14.23
8/8/2014,28.65,45.89,8.01,14.2
8/9/2014,38.4,47.25,7.17,16.23
8/10/2014,50.37,49.33,9.92,16.73
8/11/2014,57.78,60.06,7.37,17.25
8/12/2014,98.78,43.71,10.03,16.68
8/13/2014,114.43,49.87,6.33,16.32
8/14/2014,31.55,47.97,5.76,15.43
8/15/2014,21.91,47.72,9.16,14.64
8/16/2014,23.75,46.25,7.6,14.55
8/17/2014,22.66,43.38,10.62,13.57
8/18/2014,28.3,52.5,7.31,14.82
8/19/2014,30.08,52.73,11.79,16.4
8/20/2014,32.73,50.58,8.82,16.56
8/21/2014,22.49,49.5,7.16,14.96
8/22/2014,29.94,48.53,7.88,11.31
8/23/2014,28.82,53.79,8.06,12.85
8/24/2014,20.79,44.35,7.18,14.37
8/25/2014,20.71,49.69,7.1,13.01
8/26/2014,30.84,55.66,9,14.45
8/27/2014,43.38,48.96,5.9,12.27
8/28/2014,32.81,50.83,7.31,16.48
8/29/2014,27.88,52.78,7.07,20.03
8/30/2014,39.58,48.89,6.72,14.63
8/31/2014,35.48,46.15,7,12.1
9/1/2014,33.08,33.83,7.81,13.55
9/2/2014,37.88,42.57,7.24,13.47
9/3/2014,24.91,41.38,8.55,14.51
9/4/2014,27.6,43.13,7.61,13.95
9/5/2014,32.17,44.88,8.35,13.5
9/6/2014,30.32,44.38,9.35,16.93
9/7/2014,35.19,42.4,9.54,16.69
9/8/2014,36.76,48.46,10.15,13.7
9/9/2014,41.31,53.29,10.93,13.87
9/10/2014,35.75,57.58,9.36,15.85
9/11/2014,21.15,42.44,8.87,13.75
9/12/2014,24.37,46.14,8.24,14.06
9/13/2014,28.76,42.74,9.24,14.41
9/14/2014,28.44,39.39,8.96,14.34
9/15/2014,26.38,43.87,7.06,15.58
9/16/2014,25.45,48.57,8.91,16.75
9/17/2014,38.27,44.52,8.56,15.69
9/18/2014,37.06,47.74,10.31,16.69
9/19/2014,31.47,46.32,9.41,21.8
9/20/2014,37.57,44.84,8.9,18.74
9/21/2014,25.54,45.83,8.11,20.68
9/22/2014,25.56,36.25,9.08,17.63
9/23/2014,17.8,35.33,10.9,16.34
9/24/2014,24.29,44.65,11.62,17.09
9/25/2014,31.69,53.7,11.91,17.96
9/26/2014,24.4,44.94,11.6,16.54
9/27/2014,21.92,42.36,9.69,17.22
9/28/2014,25.57,40.96,9.71,16.51
9/29/2014,32.32,50.98,8.38,20.93
9/30/2014,45.21,45.63,10.37,24.85
10/1/2014,61.52,49.6,15.84,17.83
10/2/2014,73.72,46.95,12.92,20.88
10/3/2014,35.4,39.82,12.26,11.88
10/4/2014,34.73,29.17,11.5,11.2
10/5/2014,37.55,29.86,18.8,10.58
10/6/2014,35.63,28.95,12.86,13.19
10/7/2014,25.35,28.45,10.67,10.79
10/8/2014,22.3,22.48,10.02,12.7
10/9/2014,28,24.43,10.86,13.66
10/10/2014,34.17,27.51,12.44,15.29
10/11/2014,32.9,30.44,12,13.99
10/12/2014,53.7,40.64,16.37,21.64
10/13/2014,74.78,50.49,13.68,28.34
10/14/2014,57.13,52.83,14.17,23.18
10/15/2014,53.88,49.65,12.7,21.81
10/16/2014,33.63,37.85,12.58,18.28
10/17/2014,40.23,43.25,12.56,20.93
10/18/2014,27.85,39.97,12.31,16.56
10/19/2014,41.93,38.29,14.06,17.41
10/20/2014,47.85,48.91,15.48,22.3
10/21/2014,54.2,53.99,15.39,19.85
10/22/2014,25.95,36.62,10.09,13.38
10/23/2014,21.2,33.32,10.04,14.46
10/24/2014,25.2,35.54,15.39,14.41
10/25/2014,21.73,30.34,14.31,15.31
10/26/2014,19,29.7,11.03,13.63
10/27/2014,38.15,37.31,15.98,17.72
10/28/2014,44.1,39.72,18.52,16.19
10/29/2014,48.13,34.53,15.38,17.83
10/30/2014,80.6,35.09,15.05,21.1
10/31/2014,76.83,48.86,18.59,22.71
11/1/2014,63.58,50.83,18.2,20.75
11/2/2014,76.58,49.24,17.4,24.63
11/3/2014,48.1,33.23,16.24,20.34
11/4/2014,41.7,42.15,12.81,19.26
11/5/2014,39.53,33.64,10.92,16.76
11/6/2014,43.15,31.27,7.78,16.78
11/7/2014,37.75,35.07,9.93,16.31
11/8/2014,48.85,35.01,10.1,13.81
11/9/2014,49.2,42.74,11.7,15.83
11/10/2014,49.65,44.01,12.48,18.78
11/11/2014,35.98,33.62,10.33,17.32
11/12/2014,31.35,27.43,12.98,16.06
11/13/2014,37.8,28.23,10.92,13.54
11/14/2014,32.88,34.86,11.08,10.47
11/15/2014,30.68,27.07,9.95,11.03
11/16/2014,27.85,23.1,12.35,11.38
11/17/2014,32.95,27.42,12.55,11.92
11/18/2014,22.08,30.36,12.02,10.5
11/19/2014,32.73,35.57,14.79,12.7
11/20/2014,28.98,30.92,14.07,13.15
11/21/2014,42.05,34.51,15.36,13.18
11/22/2014,58.78,45.75,14.98,22.3
11/23/2014,63.48,51.06,15.23,25.33
11/24/2014,57.1,42.83,15.44,27.76
11/25/2014,34.05,38.46,13.78,19.68
11/26/2014,36.8,40.8,13.79,18.8
11/27/2014,35.15,34.6,12.44,18.1
11/28/2014,49.28,39.76,16.46,18.62
11/29/2014,66.23,38.92,15.99,24
11/30/2014,51.9,29.95,12.58,17.11
12/1/2014,41.4,20.78,16.75,16.29
12/2/2014,26.83,26.44,15.29,11.27
12/3/2014,22.47,26.38,16.08,8.19
12/4/2014,17.87,27.9,16.79,9.55
12/5/2014,21.73,27.23,18.79,8.49
12/6/2014,22.07,27.29,14.36,11.04
12/7/2014,53.3,34.32,15.87,12.51
12/8/2014,72.27,32.79,19.79,14.8
12/9/2014,35.07,25.75,15.19,12.5
12/10/2014,30.7,33.26,14.51,14.18
12/11/2014,59.2,37.4,27.18,20.77
12/12/2014,89.33,47.61,23.2,25.04
12/13/2014,78.7,55.61,21.38,27.87
12/14/2014,177.1,85.79,23.24,36.75
12/15/2014,190.23,89.32,25.1,34.97
12/16/2014,142.83,58.59,21.36,23.35
12/17/2014,88.77,42.78,19.86,23.85
12/18/2014,63.73,52.96,19.28,26.09
12/19/2014,114.83,82.11,25.87,29.71
12/20/2014,75.4,61.62,20.27,24.95
12/21/2014,67.47,39.94,19.6,19.67
12/22/2014,62.93,71.05,25.36,19.86
12/23/2014,114.03,86.51,30.76,29.9
12/24/2014,178.07,106.03,33.76,43.22
12/25/2014,98,82.28,27.73,31.5
12/26/2014,24.07,44.24,15.76,16.46
12/27/2014,24.03,42.27,18.57,14.21
12/28/2014,47.97,31.57,15.66,14.01
